,IGN,Name,Team,Role,Country,Age
0,Aagie,Carlos Carpio,G2 Heretics,Analyst,Spain,22.0
1,Abbedagge,Felix Braun,FC Schalke 04,Mid,Germany,
2,Aboekra,Dean Manuputty,Defusekids,Streamer,Netherlands,
3,Ace,Ignacio Piaggio Correo,Giants Academy,Bot,Spain,
4,Acidy,Markus Käpp,Sparks,Top,Estonia,18.0
5,Addi,Arnar Snæland,Dusty,Mid,,
6,Adept,Andreas Blikfeldt,Penguins,Mid,Sweden,
7,Adiss,Petr Pavlíček,Vikingekrig Esports,Top,Czech Republic,
8,Adm,Pór Gábor,Phelan Gaming,Mid,Hungary,
9,Aerados,Tijmen Giesbers,Dorans Alpha,Mid,Netherlands,21.0
10,Aesthetic,Frank Norqvist,Team MCES,Jungler,Sweden,22.0
11,Aether,Bailey Philp,Enclave Gaming,Bot,United Kingdom,
12,Afm,André Martins,For The Win Esports,Bot,Portugal,
13,Agentas,Deivydas Plikaitis,eNsure,Jungler,Lithuania,20.0
14,Agresivoo,Tobiasz Ciba,devils.one,Top,Poland,19.0
15,Akabane,Philippe Le,Outplayed Academy,Jungler,France,18.0
16,Aken,Enes Akgül,Bursaspor Academy,Mid,Germany,17.0
17,aki,Daniel Lauri,MOBA ROG,Mid,Italy,20.0
18,Akutsune,Steeve Bernard,Bastille Legacy,Support,France,
19,Alba,Hugo Canteiro,Estoril Praia eSports,Jungler,Portugal,18.0
20,Alca,Carsten Thiedig,XGS eSports,Mid,Germany,25.0
21,Alex Taylør,Alex Taylor,Neon Esports,Mid,Belgium,19.0
22,Alois,Alois Nelissen,Defusekids,Top,Netherlands,
23,AlphaCloud,Michael Skrede,Solwing Esports,Top,Norway,
24,Alphari,Barney Morris,Origen,Top,United Kingdom,19.0
25,Alternative,João Parada,Uppercut esports,Bot,Portugal,
26,Amades,Janusz Rabiej,Fake Team,Bot,Poland,
27,AMOUR FAYA,Coen de Witte,Team Animals,Support,Netherlands,22.0
28,ANG,Octav Cretu George,Nexus Gaming,Support,Romania,24.0
29,Animale,Nicholas Matterazzo,Dropz Esports,Mid,Italy,22.0
30,Anthrax,Robbe Dobbeleers,Beşiktaş Esports,Support,Belgium,21.0
31,AoD,Baltat Alin-Ciprian,Origen BCN,Coach,Romania,
32,Apples,Žiga Jereb,Team Rursus,Mid,Slovenia,
33,Arag0rne,Konstantinos Ziagkliavos (Κωνσταντίνος Ζιαγκλιαβός),GamerLegion,Coach,Greece,22.0
34,Araneae,Alvar Martín Aleñar,MAD Lions,Manager,Spain,30.0
35,Araysh,Nikolas Papadopoulos (Νικόλας Παπαδόπουλος),Reformed Gaming,Mid,Greece,
36,Ardenein,Agapitos Vougesis (Αγαπητός Βουγέσης),Outlawz,Bot,Greece,
37,Artum,Arttu Mattila,NYYRIKKI Academy,Mid,Finland,23.0
38,Asker,Ivan Florin,Reformed Gaming,Bot,Romania,
39,Aspirra,Edwin Kelemen,Austrian Force,Support,Austria,23.0
40,ATL,Aleksanteri Leinonen,NYYRIKKI,Coach,Finland,
41,Atom,Peter Thomsen,UOL Sexy Edition,Top,Denmark,24.0
42,ATRemains,Igors Radkevič,Gambit Esports,Coach,Latvia,28.0
43,Atrocez,Thomas Dijk,Sector One,Support,Netherlands,
44,Attila,Amadeu Carvalho,Team Vitality,Bot,Portugal,23.0
45,augutis,Eugenijus Bulvydas,Six Feet Under,Top,Lithuania,
46,Avahir,Michał Kudliński,Polsat Games,Caster,Poland,
47,Ax3l,Antonis Tzanakis (Αντωνης Τζανακης),Different Dimension,Bot,Greece,19.0
48,Aziado,Tiago Rodrigues,S2V Esports,Top,Portugal,
49,Azitor,Alex Kanerva,Neon Esports,Bot,Finland,19.0
50,Azra,Ayoub Chamakhi (أيوب شماخي),AeQ eSports,Jungler,Tunisia,24.0
51,Baba,Onur Kazim Kaya,Echo Zulu,Bot,Netherlands,24.0
52,Baca,João Bigas,S2V Esports,Mid,Portugal,
53,Backlund,Jonathan Bäcklund,EURONICS Gaming,Mid,Sweden,19.0
54,Bad Habit,Marteinn Gíslason,Dusty,Support,,
55,BadPie,Nicolas Mihalik,PANTHERS Gaming,Top,Slovakia,
56,Bako,Thodoris Bakogiannis (Θοδωρής Μπακογιάννης),Greek Regenesis,Top,Greece,23.0
57,Bakuażan,Krzysztof Chęciński,Wisła Płock,Coach,Poland,
58,Bananitoo,Nikolaos Fakis (Νίκος Φάκης),We Love Gaming,Bot,Greece,21.0
59,Bando,Brian Ferrando,Team-LDLC,Top,Switzerland,
60,Barcode,Sander Laidre,PENTA 1860,Bot,Estonia,
61,barrage,Luc van Gestel,ToxicFalcons,Bot,Netherlands,20.0
62,Bartiono,Bart Wessels,Barrage Esports,Support,Netherlands,22.0
63,bAZZILISKS,Edgars Salmiņš,ESCORT P9,Support,Latvia,
64,BB Muffin,Michael Smirnov,Phelan Gaming,Mid,Republic of Ireland,
65,Bean,Louis Schmitz,QLASH Forge,Bot,Germany,
66,beansu,Mauno Tälli,Movistar Riders,Top,Estonia,21.0
67,Bedvolf,Adam Howaniec,Esports Academy,Top,Poland,
68,behave,Marcin Pawlak,Rogue Esports Club,Jungler,Poland,
69,Ben3k,Szymon Przygoński,Wisła Płock,Jungler,Poland,
70,Bendix,Nicolai Bendix,Beşiktaş Academy,Mid,Denmark,
71,Benji,Petros Tsiafitsas (Πέτρος Τσιαφίτσας),Gamespace eSports,Mid,Greece,
72,Betorro,José Manuel Franco Contreras,Rebirth eSports,Coach,Spain,25.0
73,Bjorn,Bjorn Panek,Sector One,Coach,Netherlands,22.0
74,BKarv,Vasilis Karvelas (Βασίλης Καρβέλας),Dawn of Stars,Coach,Greece,
75,BlackSpeck,David Neugebauer,Tempered Fate,Mid,Germany,
76,Blaise,Joseph McGreevy,Phelan Gaming,Support,Republic of Ireland,
77,Blank,Simon Schwarz,XGS eSports,Jungler,Germany,
78,Blice,Szász Dominik,Hybrid eSports,Top,Hungary,20.0
79,Blizz,Guilherme Rodrigues,K1CK eSports Club,Mid,Portugal,
80,Bloody,Patrick Zeng,Got2Game Esport,Jungler,France,21.0
81,Blue45ty,Maciej Zaremba,PRIDE,Support,Poland,
82,bluerzor,Subicz Dániel,GamersOrigin,Jungler,Hungary,20.0
83,Blumigan,Marcus Blom,Rogue Esports Club,Coach,Sweden,26.0
84,Bobo,Bojan Lekanic,Alpaka Esports,Support,Austria,
85,Bolszak,Patryk Jażdżewski,Team DPD,Jungler,Poland,
86,Boohon,Boo Hon Huynh,S1.Academy,Mid,Netherlands,21.0
87,Boomin,Denis Melnikov,Echo Zulu,Support,Netherlands,
88,Boris,Mitch Voorspoels,G2 Esports,Manager,Belgium,29.0
89,Boykuh,Boy Kemps,ToxicFalcons,Manager,Netherlands,18.0
90,Bravado,Love Rapp,Schalke Evolution,Support,Sweden,17.0
91,Brizz,Luca Brizzante,Outplayed,Support,Italy,24.0
92,Broeki,Daniel Broekmann,WarKidZ E-Sports,Bot,Germany,28.0
93,Brokenshard,Ram Djemal,SK Gaming Prime,Coach,Israel,25.0
94,Broxah,Mads Brock-Pedersen,Fnatic,Jungler,Denmark,21.0
95,Bruness,Bruno Freund,Katastrofa Awionetki,Jungler,Poland,
96,Bruno,Bruno Romac,Samsung Morning Stars,Top,Croatia,
97,Bubnik2,Rafał Styczyński,ACTINA PACT,Top,Poland,
98,Bullet,Robert Pruchniewski,Outplayed,Bot,Poland,
99,Burnie,João Chaves,Boavista FC,Mid,Portugal,17.0
100,Bwipo,Gabriël Rau,Fnatic,Top,Belgium,20.0
101,Cabochard,Lucas Simon-Meslet,Team Vitality,Top,France,22.0
102,Cabra,Manuel Martínez,LVP,Broadcast Talent,Spain,
103,Caedrel,Marc Robert Lamont,Excel Esports,Jungler,United Kingdom,
104,Caelan,Romain Albesa,Solary,Coach,France,
105,Caltys,Maya Henckel,Out of the Blue,Bot,Sweden,17.0
106,Calyn,Giuseppe Maranò,Sparks,Analyst,Italy,22.0
107,Caps,Rasmus Winther,G2 Esports,Mid,Denmark,19.0
108,Carbono,Alejandro González Julián,S2V Esports,Jungler,Spain,
109,Carzzy,Matyáš Orság,BIG,Bot,Czech Republic,17.0
110,CastielMid,Dennis Hoese,ZeroSeven Gera,Analyst,Germany,20.0
111,Cathrine,Adelina Cathrine,Singularity Female,Bot,Sweden,
112,Cavaradøssi,Petko Tsvyatkov,Bulgaria's Finest,Jungler,Bulgaria,24.0
113,Cboi,Casper Bo Simonsen,Penguins,Jungler,Denmark,20.0
114,Cdric,Cédric Ratier Santini,against All authority,Mid,France,
115,Cephei,Ioannis-Nektarios Fakoudis (Ιωάννης-Νεκτάριος Φακούδης),Team Refuse,Top,Greece,23.0
116,Chap,Alexis Barret,Lunary,Bot,France,23.0
117,Chapapi,Randy van den Bemt,Defusekids,Mid,Netherlands,20.0
118,Charca,Tibor Charčenko,AS Trenčín,Bot,Czech Republic,
119,CHECKFIDER,Lukáš Nevyjel,Rift Rats,Bot,Czech Republic,15.0
120,Cherrie,David Pereira,FE Porto,Mid,Portugal,
121,ChosenOne,Algirdas Gricius,eNsure,Top,Lithuania,
122,Chosii,Kamil Chosa,Wisła Płock,Mid,Poland,
123,Chrisberg,Lars Christiansen,The Final Tribe,Bot,Denmark,19.0
124,Ciglio,Alessandro Biglioli,Manguste eSports,Bot,Italy,18.0
125,Cinkrof,Jakub Rokicki,devils.one,Jungler,Poland,21.0
126,Cl0x,Mladen Mitić,X25 Esports,Support,Serbia,20.0
127,Click,Vittorio Massolo,MOBA ROG,Support,Italy,21.0
128,Clown Sky,Melvin Bruens,Team Animals,Jungler,Netherlands,23.0
129,Coach Shelby,Marco Longo,MOBA ROG,Coach,Italy,
130,Cohle,Matteo Faoro,QLASH Forge Academy,Mid,Italy,
131,Comp,Markos Stamkopoulos (Μάρκος Σταμκόπουλος),Team-LDLC,Bot,Greece,
132,Compultion,Aristidis Sideridis (Αριστείδης Σιδερίδης),Gamespace eSports,Top,Greece,
133,Conjo,Patrick Jacobs,mousesports,Bot,Netherlands,
134,consequent,David Schreiner,PENTA 1860,Top,Austria,20.0
135,Counter,Giacomo Manconi,MOBA ROG,Bot,Italy,
136,CrAzY,Adam Fedoruk,Illuminar Gaming,Jungler,Poland,
137,Crazycaps,Andy Walda,Misfits Gaming,Manager,Netherlands,24.0
138,CrazyRabbit,Aimilios Zekia (Αιμίλιος Ζέκια),Team Refuse,Jungler,Greece,18.0
139,creabae,Remko Veerman,Echo Zulu,Coach,Netherlands,
140,Creon,Riccardo Santarelli,HG Esports,Bot,Italy,19.0
141,Cristo,Cristofaro Di Maggio,Sparks,Coach,Italy,
142,Crit Hero,Tom Aarts,Nefaria's McOrder,Mid,Netherlands,24.0
143,Crocomux,Davide Gioan,HG Esports,Mid,Italy,20.0
144,Cronan,Nils Cronemo,Wind and Rain Nordic,Mid,Sweden,
145,Crownshot,Juš Marušič,SK Gaming,Bot,Slovenia,21.0
146,Crusher,Gonçalo Brandão,For The Win Esports,Coach,Portugal,26.0
147,Cybonox,Justin Bassa,New Dynasty,Jungler,Netherlands,20.0
148,Czajekk,Mateusz Czajka,Katastrofa Awionetki,Mid,Poland,
149,Czaru,Krystian Przybylski,Team DPD,Top,Poland,24.0
150,Czekolad,Paweł Szczepanik,MAD Lions,Mid,Poland,
151,D3RK1NG155,Jakob Gramm,AeQ eSports,Bot,Austria,
152,Daejin,Gianluca Melchiorre,Bulldog Esports,Support,Germany,
153,Daiblo,Hugo Silva,GeekCase eSports,Jungler,Portugal,21.0
154,Dambaj,Damian Bajor,PRIDE,Bot,Poland,
155,Dan,Daniel Hockley,Fnatic,Jungler,United Kingdom,
156,Dan Dan,Danny Le Comte,Misfits Premier,Top,Netherlands,23.0
157,DanXD,Daniel Feldhäuser,Hyperion Esports,Top,Germany,
158,Dardan,Panagiotis Shehaj (Παναγιώτης Σεχάι),Retric eSports,Support,Albania,22.0
159,darkchri,Christian Devo,Racoon,Support,Italy,
160,Darkness,Rok Tekavec,FALKN,Mid,Slovenia,
161,Darlik,Aymeric Garçon,ROG Esport,Top,France,
162,Dawidsonek,Dawid Trojanowski,Team DPD,Mid,Poland,19.0
163,Deadly,Matthew Smith,Vodafone Giants,Bot,United Kingdom,19.0
164,Deficio,Martin Lynge,Origen,Manager,Denmark,27.0
165,defles,Damian Filipow,Redemption eSports,Bot,Poland,19.0
166,Degh,Oleksandr Degtyarov (Олександр Дегтярьов),MOBA ROG,Top,Ukraine,19.0
167,Dehaste,Sven Vidović,Split Raiders,Mid,Croatia,18.0
168,Deicara,Sebastian Schaar,Austrian Force,Mid,Germany,20.0
169,Deidara,Silverio Masi,Sparks,Top,Italy,17.0
170,Deilor,Luis Sevilla Petit,Movistar Riders,Manager,Spain,32.0
171,deIord,Paweł Szabla,Illuminar Gaming,Support,Poland,24.0
172,Delitto,Alexandros Karalis (Αλέχανδρος Καραλής),We Love Gaming,Top,Greece,24.0
173,Demi,Riccardo Falchetta,CS Italia,Top,Italy,23.0
174,Demon12,Lorenzo Marzi,QLASH Forge,Jungler,Italy,20.0
175,DenVoksne,Nikolaj Meilby,EJBY Brotherhood,Bot,Denmark,
176,denyk,Petr Haramach,Vodafone Giants,Support,Czech Republic,24.0
177,Desrim,Jan Störmer,PANTHERS Gaming,Bot,Germany,
178,Dest1ny,Leon Sorovos (Λέων Σοροβός),Pyrsos Esports,Jungler,Greece,
179,Dexui,Jani Hernesniemi,NYYRIKKI,Jungler,Finland,19.0
180,Diablo,Dorian Lefebvre,Hybrid eSports,Mid,France,
181,dibu,Janne Heikkonen,MJ-Esports,Jungler,Finland,19.0
182,Dinoricar,Ricardino Vulto,Team Animals,Mid,Netherlands,22.0
183,Dioud,Hugo Padioleau,paiN Gaming,Inactive,France,28.0
184,Divider,Aleksas Bogdevičius,Ventus Esports,Jungler,Lithuania,
185,DizL,Timothy Widmann,DIVIZON,Bot,Austria,17.0
186,Djoko,Charly Guillard,Team-LDLC,Jungler,France,22.0
187,Dolonoy,Valentin Delaunoy,GameWard,Bot,France,23.0
188,Dom1nant,Giannis Vorgazlis (Γιάννης Βοργαζλής),Greek Regenesis,Jungler,Greece,22.0
189,Dommmy,Ivo Smit,Echo Zulu,Jungler,Netherlands,
190,Don Arts,Finn-Lukas Salomon,BIG,Jungler,Germany,20.0
191,DoubleAiM,Aleksa Stanković (Алекса Станковић),Crvena zvezda,Jungler,Serbia,22.0
192,Dragflick,Peter Dekker,S1.Academy,Mid,Netherlands,20.0
193,Dragneel,Ioannis Damas (Ιωάννης Δάμας),Different Dimension,Top,Greece,
194,Dread,Jan Hrbáč,AS Trenčín,Mid,Czech Republic,
195,Dreamer Ace,Tobias Schreckeneder,UOL Sexy Edition,Support,Austria,22.0
196,dreamsu,Joffrey Livet,against All authority,Bot,France,
197,Dreedy,Jakub Viceník,Outlawz,Top,Czech Republic,18.0
198,DrMatt,Mattia Fazzalaro,MOBA ROG,Mid,Italy,
199,DuaLL,Ángel Fernández,eMonkeyz,Support,Spain,
200,Duke,Hadrien Forestier,Splyce,Coach,France,
201,Eberkazak,Mateusz Strąk,Katastrofa Awionetki,Bot,Poland,
202,Eckas,Edgaras Strazdauskas,Outplayed,Jungler,Lithuania,
203,EdinPriqtel,Dimitar Piskov,Random 5,Coach,Bulgaria,
204,Edward,Edward Abgaryan (Եդւարդ Աբգարյան),Unicorns Of Love,Support,Armenia,25.0
205,Efias,Oleksandr Yankovich (Олександр Янкович),Sparks,Support,Ukraine,20.0
206,Eika,Jérémy Valdenaire,Team-LDLC,Mid,France,22.0
207,Ejsner,Wiktor Świderski,Katastrofa Awionetki,Bot,Poland,
208,eLite,Hugo Cameira,Gamespace eSports,Top,Portugal,
209,ElOjoNinja,Daniel Vaquero Cotilla,MAD Lions,Streamer,Spain,23.0
210,Emendatus,Gustav Halvarsson,Wind and Rain Nordic,Top,Sweden,20.0
211,Emi,Emanuel Ursachi,Vodafone Giants,Coach,Romania,
212,Emtest,Adam Emtestam,Penguins,Bot,Sweden,22.0
213,Enatron,Ilias Theodorou (Ηλίας Θεοδώρου),Royal Youth,Coach,Greece,25.0
214,Endz,Lauri Tarkus,Sparks,Bot,Estonia,
215,Enjawve,Solal Accary,ROG Esport,Support,France,
216,Erdote,Robert Nowak,devils.one,Support,Poland,19.0
217,Eren,Nguyễn Đức Anh,Team AURORA,Mid,Vietnam,
218,Eru,Eero Viitasaari,MJ-Esports,Support,Finland,21.0
219,Eternity,Giuliano Wölm,AeQ eSports,Mid,Germany,20.0
220,Eunha,Elmeri Mahlamäki,NYYRIKKI Academy,Jungler,Finland,19.0
221,Exile,Fabian Schubert,Excel Esports,Mid,Germany,22.0
222,Exorant,Daniel Hume Podosu,INTZ e-Sports,Coach,Romania,
223,Faithless,Paschalis Tsifoutakos (Πασχάλης Τσιφουτάκος),Gamespace eSports,Jungler,Greece,22.0
224,Falazury,Aleš Lipl,NecroRaisers,Support,Czech Republic,22.0
225,Falco,Jesús Pérez Rubio,MAD Lions,Support,Spain,24.0
226,Fallen Angel,Viktor Kordanovski,Evolution Online,Jungler,North Macedonia,
227,Fastlegged,Emre Fraser,DarkSpawn Gaming,Support,United Kingdom,
228,FearlessS,Miguel Santos,Vodafone Giants,Coach,Portugal,
229,Febiven,Fabian Diepstraten,Misfits Gaming,Mid,Netherlands,22.0
230,Feint,Alvise Bruni,Outplayed,Mid,Italy,22.0
231,Final,Daniel Glaser,WarKidZ E-Sports,Mid,Germany,
232,FindFinn,Lucas Paradecka,Wicked Gaming,Top,Denmark,22.0
233,Finn,Finn Wiestål,Rogue,Top,Sweden,19.0
234,Fittle,Anders Carly Wind,Ventus Esports,Support,Denmark,20.0
235,Fl4mer,Julien Berschuck,GamerLegion,Top,Germany,
236,Flair,Leo Rautio,NYYRIKKI Academy,Top,Finland,18.0
237,Flakked,Victor Lirola,S2V Esports,Bot,Spain,
238,Flash,Michał Kosicki,ACTINA PACT,Manager,Poland,21.0
239,Flash,Luís Cerqueira,GeekCase eSports,Top,Portugal,
240,Flaxxish,Olof Medin,x6tence,Top,Sweden,23.0
241,FlayStation,August Sandberg,Fortress ,Support,Denmark,20.0
242,Flip,Filipe Ferreira,SAMCLAN Esports Club,Top,Portugal,22.0
243,Flipper,Sebastian Torpe Blatch,Wicked Gaming,Jungler,Denmark,
244,Flirt,Filip Vatamidis Norrstam,DarkSpawn Gaming,Bot,Sweden,21.0
245,Fok,Ilias Diamantis (Ηλίας Διαμαντής),Different Dimension,Top,Greece,22.0
246,Forsaken,Cheng Yi-Ji (程艺集),Racoon,Top,Italy,20.0
247,Foute Makelaar,Thijmen van de Bilt,Dorans MR,Jungler,Netherlands,21.0
248,FoX,Rafael Costa,SAMCLAN Esports Club,Bot,Portugal,18.0
249,Fragola,Alessandro Zappalà,MOBA ROG,Jungler,Italy,
250,Fraid,Frédéric Simonet,against All authority,Top,France,
251,Frappii,Antonio Botezatu,Try Out Madness,Bot,France,17.0
252,Frather,Mikó Lóránt,Team Plague,Top,Hungary,
253,fredy122,Simon Payne,Rogue,Coach,United Kingdom,
254,Freeze,Aleš Kněžínek,MAD Lions,Bot,Czech Republic,24.0
255,FreezeOP,Aitor Jiménez,Kawaii Kiwis,Jungler,Spain,
256,Freyja,Naïma Gradi,Out of the Blue,Top,France,24.0
257,Froggen,Henrik Hansen,Golden Guardians,Mid,Denmark,25.0
258,Froomie,Richard Froom,Barrage Esports,Manager,United Kingdom,24.0
259,Frost,Nikos Psomas (Νίκος Ψωμάς),Greek Regenesis,Bot,Greece,
260,Frozen,Tiago Tavares,For The Win Esports,Top,Portugal,
261,Funk3y,Johannes Werner,TKA E-Sports,Bot,Germany,
262,Furuy,Mike Wils,ToxicFalcons,Mid,Netherlands,
263,Fynnek,Marc-André Meyer,Black Lion,Top,Germany,20.0
264,Gaaloul,Ali Gaaloul,RIFT Esports,Mid,United Kingdom,
265,Gabbo,Gabriel Olivieri,QLASH Forge Academy,Top,Italy,
266,Gagai,Ilias Krionas (Ηλίας Κρυώνας),Pyrsos Esports,Bot,Greece,21.0
267,Galatas,Anil Hikmetoglou,Test Your Limits,Jungler,Germany,27.0
268,Gamagotchi,Mauro Bruno,Dropz Esports,Support,Italy,
269,Garp,Jakub Novotný,Elan DEspoir,Top,Czech Republic,18.0
270,Geller,Sipos Gábor,Team Plague,Support,Hungary,
271,Gevous,Fayan Pertijs,Vitality.Bee,Coach,Netherlands,
272,Gilfer,Gonzalo Márquez,S2V Esports Academy,Bot,Spain,
273,Gilius,Erberk Demir,Ad Hoc Gaming,Jungler,Germany,22.0
274,Gillete Habuubu,Seyit Cüce,Alpaka Esports,Jungler,Germany,
275,Gistick,Norman Kaiser,mousesports,Support,Germany,
276,Gjergsen,Nikos Gkergkis (Νίκος Γκέργκης),Reformed Gaming,Jungler,Greece,19.0
277,Glebo,Piotr Dąbrowski,MOBA ROG,Top,Poland,
278,Glowing,Florian Loferski,GamerLegion,Mid,Germany,
279,Godbro,Dan Van Vo,Ventus Esports,Mid,Denmark,24.0
280,GodSoap,Konstantinos Andreadis (Κωνσταντίνος Ανδρεάδης),Reformed Gaming,Support,Greece,
281,Gofio,Antonio Valenciano,Team Queso,Coach,Spain,
282,Goldento4st,Valmir Fejzullahu (Валмир Фејзулаху),X25 Esports,Bot,North Macedonia,20.0
283,Gotrek,Ettore Barcella,QLASH Forge Academy,Bot,Italy,18.0
284,Gould,Jorge Lujan,Bulldog Esports,Bot,Spain,
285,GrabbZ,Fabian Lohmann,G2 Esports,Coach,Germany,
286,Greenfire,Nikola Dimovic,PF Helix,Jungler,Switzerland,21.0
287,Gricek,Hubert Brodowski,ACTINA PACT,Top,Poland,20.0
288,Grisen,Emil Brouwer,CPH Flames.A,Support,Denmark,22.0
289,Grk,Konrad Górniak,Team DPD,Support,Poland,
290,Guilhoto,André Guilhoto,Origen,Coach,Portugal,
291,Guilty,Luca Valla,QLASH Forge,Bot,Italy,21.0
292,H0shiG4ki,Adam Krawczyk,PG Athletes,Mid,Poland,21.0
293,H1IVA,Aleksi Kaikkonen,Misfits Premier,Support,Finland,24.0
294,Hachiman,Davy de Graaf,Team Animals,Top,Netherlands,19.0
295,Hades,Maik Jonker,Defusekids,Jungler,Netherlands,
296,Hadow,Mantas Sukevičius,Penguins,Support,Lithuania,26.0
297,Hans Sama,Steven Liv,Misfits Gaming,Bot,France,19.0
298,Hantera,Jules Bourgeois,Solary,Support,France,20.0
299,Hatchý,Adrian Widera,devils.one,Coach,Poland,25.0
300,Hated,Michael-Andrew Boubous (Μιχαήλ-Ανδρέας Μπουμπούς),Reformed Gaming,Mid,Greece,18.0
301,Hatred,Veselin Constantinov Popov,Split Raiders,Jungler,Bulgaria,
302,Hatrixx,Jørgen Elgåen,Splyce Vipers,Coach,Norway,21.0
303,Hayate,Redon Fili,Different Dimension,Mid,Greece,22.0
304,HeaQ,Martin Kordmaa,Rogue,Bot,Estonia,
305,HenkHenkerson,Dimitri Smits,Vanguard Esports,Mid,Netherlands,21.0
306,Hextasy,Kecskés Gergő,WiLD MultiGaming,Support,Hungary,23.0
307,Hiro,Pablo García Muñoz,MOBA ROG,Bot,Spain,18.0
308,Hiro,"Nguyên ""Filip"" Đại Hải",GamerLegion,Bot,Czech Republic,18.0
309,Hjarnan,Petter Freyschuss,Excel Esports,Bot,Sweden,
310,Hoiz,Aron Gabríel Guðmundsson,Dusty,Bot,Iceland,
311,Holo,Manuel Cortes Pereira Belchior de Sousa,For The Win Esports,Mid,Portugal,21.0
312,Homi,Adrián Moldes López,Origen BCN,Support,Spain,25.0
313,Huido,Daniel Huidobro Budino,Giants Academy,Jungler,Spain,
314,Humanoid,Marek Brázda,Splyce,Mid,Czech Republic,19.0
315,HungryPanda,Nikos Nikolaidis (Νικος Νικολαιδης),Team Queso,Support,Greece,20.0
316,HustlinbeasT,Morgan Granberg,GamersOrigin,Support,Sweden,
317,Hylissang,Zdravets Iliev Galabov (Здравец Илиев Гълъбов),Fnatic,Support,Bulgaria,24.0
318,Hyorai,Stéphane Goussu,against All authority,Support,France,
319,IceBreaker,Dimitris Chatzitsobanis (Δημήτρης Χατζητσομπάνης),Dawn of Stars,Top,Greece,20.0
320,iHansen,Bjørn-Vegar Hansen,Penguins,Coach,Norway,23.0
321,Iluzjonist,Ireneusz Opaliński,Katastrofa Awionetki,Support,Poland,20.0
322,Imba,Gorka Perdroche Martínez,Movistar Academy,Top,Spain,
323,Immortal,Alexandros Diamantopoulos (Αλέξανδρος Διαμαντόπουλος),Outlawz,Support,Greece,21.0
324,Inceneratus,Pedro Rodrigues,K1CK eSports Club,Jungler,Portugal,
325,InKos,Kevin Alpire,x6tence,Jungler,Bolivia,22.0
326,Innaxe,Nihat Dzhelal Aliev,Unicorns Of Love,Bot,Bulgaria,20.0
327,InnerFlame,Joe Elouassi,Misfits Gaming,Manager,United Kingdom,25.0
328,Inspired,Kacper Słoma,Rogue,Jungler,Poland,17.0
329,Ioni,Maximilien Lambert,Brussels Guardians,Support,Belgium,
330,iPaw,Lukas Schober,Black Lion,Jungler,Germany,
331,Isdemacia,Ismael de Moya Espín,Stormbringers,Top,Spain,
332,Istari,Ugo Simon-Meslet,Team Vitality,Mid,France,
333,itzRenifer,Konrad Potępa,Wisła Płock,Bot,Poland,24.0
334,iWa,Cléante Oullion,Team Oplon,Bot,France,
335,Izoyu,Sven Paul,S1.Academy,Jungler,Netherlands,18.0
336,J0J0C,Nikos Terzogloy (Νίκος Τερζόγλου),Greek Regenesis,Streamer,Greece,20.0
337,Jactroll,Jakub Skurzyński,Team Vitality,Support,Poland,20.0
338,Jakamaka,Jake Sampson-Roberts,Barrage Esports,Bot,United Kingdom,25.0
339,Jakobobbi,Jakob Waich,Alpaka Esports,Jungler,Austria,19.0
340,Jandro,Alejandro Fernández-Valdés,Fnatic Rising,Coach,Spain,
341,Janij,Jani Lampinen,Placeholder123,Top,Finland,25.0
342,Jankos,Marcin Jankowski,G2 Esports,Jungler,Poland,23.0
343,Javaaa,Javier Martínez,Movistar Riders,Bot,Spain,
344,Javier,Javier Carmona,Giants Academy,Mid,Spain,
345,JazzC,Hagai Wolf,Hell Gaming,Support,Israel,24.0
346,Jejky,David Jakubec,eSuba,Jungler,Czech Republic,20.0
347,Jekyll,Jan Mičuda,Escape Gaming,Support,Czech Republic,
348,Jellou,Jiří Linhart,eXtatus,Jungler,Czech Republic,
349,Jenax,Janik Bartels,SK Gaming Prime,Mid,Germany,20.0
350,Jensen,Nicolaj Jensen,Team Liquid,Mid,Denmark,24.0
351,JeppeHou,Jeppe Hougaard,Fact Revolution,Support,Denmark,19.0
352,Jesiz,Jesse Le,Misfits Gaming,Coach,Denmark,22.0
353,Jeskla,Jesper Klarin Strömberg,Excel Esports,Bot,Sweden,18.0
354,Jester,David Ta,Team MCES,Mid,France,20.0
355,Jigly,Sander Schipper,Defusekids,Coach,Netherlands,22.0
356,Jiizuke,Daniele di Mauro,Team Vitality,Mid,Italy,23.0
357,Jimbo,Jimi Spiridovitsh,ISO eSports,Jungler,Finland,18.0
358,Jimsnop,Dimitris Dimitropoulos (Δημήτρης Δημητρόπουλος),Outlawz,Mid,Greece,
359,Jinsh,"Chen ""Gilles"" Xiao-Zhou",Tickling Tentacles,Mid,Luxembourg,
360,Jkalam,Andrew Lanooij,Team Animals,Bot,Netherlands,22.0
361,joaos92,João Soares,Why eSports,Mid,Portugal,
362,Joekie,Michael Gielisse,Defusekids,Jungler,Netherlands,20.0
363,Johnny,Jonne Janhunen,ISO eSports,Jungler,Finland,18.0
364,Jukestar,Hristo Stanchev,Split Raiders,Top,Bulgaria,
365,Juvenis,Sebastian Winowski,Katastrofa Awionetki,Manager,Poland,
366,k0u,Lâm Tịnh Trì,Fact Revolution,Jungler,Norway,21.0
367,Kaasbaas,Christophe van Oudheusden,Defusekids,Support,Belgium,
368,Kabamarru,Kostis Georgantas (Κωστής Γεωργαντάς),Different Dimension,Bot,Greece,19.0
369,Kackos,Krzysztof Kubziakowski,Pogoń Szczecin,Top,Poland,
370,kaitur,Francesco Brambilla,ESC Gaming Sigma,Support,Italy,
371,Kakan,Elias Edlund,Wicked Gaming,Top,Sweden,
372,kaLuGG,Luka Todorović,iDomina eSports,Jungler,Serbia,
373,Kalwerd,Sergio Domínguez Alcala,Bulldog Esports,Mid,Spain,
374,Kamikaze,Óscar Pedrosa Gonzàlez,Stormbringers,Mid,Spain,
375,Kamil,Kamil Marcysiak,Samsung Morning Stars,Jungler,United Kingdom,
376,Kamilius,Kamil Košťál,We Love Gaming,Support,Slovakia,18.0
377,Kanani,Lamine-Lounis Khouani,EURONICS Gaming,Jungler,Algeria,22.0
378,Karakal Jr,Hendrik Méndez,DIVIZON,Support,Spain,23.0
379,Karimkt,Karim Aubineau,against All authority,Jungler,France,
380,Karisas,Erikas Ramaneckas,Split Raiders,Top,Lithuania,
381,Karolis,Karolis Zarnauskas,Ventus Esports,Manager,Lithuania,20.0
382,Kaseko,Konrad Szewczak,OP innogy,Support,Poland,
383,Kashtelan,Gaweł Paprzycki,Illuminar Gaming,Mid,Poland,20.0
384,kaSing,Raymond Tsang (曾家星),Excel Esports,Support,United Kingdom,25.0
385,Kasper,Kasparas Valinskas,Phelan Gaming,Bot,Lithuania,
386,Katare,Andrea Suchodolski,Solary,Top,France,
387,KatteN,Sebastian Johansson,Team Nerotec,Bot,Sweden,
388,Kaze,Quentin Gourbeix,Team MCES,Top,France,
389,KeABambi,Alexandre Vanseveren,Brussels Guardians,Top,Belgium,24.0
390,Keduii,Tim Willers,SK Gaming Prime,Bot,Germany,18.0
391,Kehvo,Aleksi Merta,Enclave Gaming,Bot,Finland,
392,Kektz,Bor Jeršan,Alpaka Esports,Top,Slovenia,25.0
393,Kenapil,Václav Maxa,Rift Rats,Jungler,Czech Republic,19.0
394,Kerberos,Kallon Ram,Diabolus Esports,Top,United Kingdom,21.0
395,Kermys,Patryk Wojewódzki,PRIDE,Jungler,Poland,23.0
396,Khaegan,Endri Lala,Split Raiders,Jungler,Albania,20.0
397,Khantos,Cosmin Dănilă,Team Queso,Bot,Romania,
398,KiKi,Kilian Audroin,Racoon,Coach,France,26.0
399,Kirdos,Sofiane Arabtani,TUEURS,Coach,France,
400,Kirei,Thomas Yuen,Misfits Premier,Jungler,Netherlands,22.0
401,Kisze,Martin Bazso,Wind and Rain Nordic,Bot,Hungary,19.0
402,Kitty,Sander Jeroen Everink,Defusekids,Bot,Netherlands,
403,Kizuro,Mikołaj Ossowski,Greek Regenesis,Jungler,Poland,
404,Klaj,Johan Olsson,Ad Hoc Gaming,Support,Sweden,23.0
405,klowny,Andrija Jovanović (Андрија Јовановић),Team oNe eSports,Top,Serbia,20.0
406,Knudsen,Andreas Knudsen,Cyberground Academy,Bot,Denmark,17.0
407,Koala,Dennis Berg,PF Helix,Support,Switzerland,
408,Kobbe,Kasper Kobberup,Splyce,Bot,Denmark,22.0
409,Kocourek,Sebastián Vrzák,Team Brute,Jungler,Czech Republic,
410,Kold,Jonas Andersen,Origen,Jungler,Denmark,24.0
411,Koldo,Luis Pérez,x6tence,Jungler,Spain,
412,Komedyja,Olimpia Cichosz,Out of the Blue,Jungler,Poland,
413,KON,Joel Cooper,Outlawz,Coach,United Kingdom,25.0
414,KonDziSan,Konrad Andrzej Sopata,Saudi Arabia,Coach,Poland,21.0
415,Konektiv,Karol Wojciechowski,Illuminar Gaming,Top,Poland,
416,Kooiji,Samuele Greguoldo,Dark Zone,Mid,Italy,22.0
417,Kososanity,Tuomas Kosonen,Lausanne-Sport eSports,Support,Finland,18.0
418,Kroghsen,Daniel Krogh,Diabolus Esports,Mid,Denmark,22.0
419,KRP,Jens Edvinsson,Valhalla Vikings,Support,Sweden,
420,Kruimel,Brayan van Oosten,UOL Sexy Edition,Mid,Netherlands,24.0
421,Krykiet,Paweł Stępień,Katastrofa Awionetki,Bot,Poland,23.0
422,Kryptonite,Nikolaos-Raphail Kalemkeridis (Νικόλαος-Ραφαήλ Καλεμκερίδης),Team Refuse,Bot,Greece,18.0
423,Kubu,Tóth Viktor,RIFT Esports,Top,Hungary,
424,kubYD,Jakub Grobelny,Katastrofa Awionetki,Support,Poland,
425,Kungen,Jesper Rundberg,Valhalla Vikings,Streamer,Sweden,
426,Kxng,Lothar Schadrin,OP innogy,Bot,Germany,
427,Kynetic,Leander Sydekum,AeQ eSports,Bot,Germany,
428,Laatch,Felix Melin,FALKN,Bot,Sweden,
429,labrov,Labros Papoutsakis (Λάμπρος Παπουτσάκης),BIG,Support,Greece,
430,Lachtan,Jan Bajer,Vikingekrig Esports,Mid,Czech Republic,
431,Lagily,Ali Nasserzadeh,SILENTGAMING,Mid,Switzerland,
432,LagsAlot,Lucas Pöthe,UOL Sexy Edition,Analyst,Germany,20.0
433,Lamabear,Leon Krüger,G2 Heretics,Jungler,Germany,20.0
434,Larssen,Emil Larsson,Rogue,Mid,Sweden,19.0
435,Latrodectuss,Kristian Asatryan,Split Raiders,Support,Bulgaria,21.0
436,Lazuriel,Kevin Pirrone,MOBA ROG,Top,Italy,
437,Le Roi Bisou,Sakor Ros,Lunary,Top,France,
438,Leaniv,Enzo Gaudiosi,Dark Zone,Top,Argentina,22.0
439,LeChase,António Ramalho,Uppercut esports,Jungler,Portugal,
440,Legolas,Sergio Vicente Gispert,Stormbringers,Bot,Spain,18.0
441,Lenny,Lenny Uytterhoeven,Defusekids,Top,Belgium,25.0
442,Leo,Christodoulos Leodaras (Χριστόδουλος Λεοντάρας),Pyrsos Esports,Support,Greece,
443,Lewus,Wojtek Strykowski,ACTINA PACT,Bot,Poland,17.0
444,Liandrid,Jason Zech,BloodRain,Top,Germany,21.0
445,Librid,Nikita Frunza,Sparks,Mid,Romania,
446,Librist,Piotr Jonderko,Esports Academy,Coach,Poland,
447,LIDER,Adam Ilyasov,Misfits Premier,Mid,Norway,19.0
448,LiMiT,Dino Tot,QLASH Forge,Support,Croatia,
449,Limpix,Tim Halma,New Dynasty,Coach,Netherlands,18.0
450,Lion,Christos Tsiamis (Χρήστος Τσιάμης),The Final Tribe,Support,Germany,26.0
451,Lmzs,Iliya Rajgev (Илия Ръжгев),Random 5,Mid,Bulgaria,
452,Lone Stigma,Sebastian Palomares,Austrian Force,Top,Germany,
453,Lotus,Dušan Nedeljković,FALKN,Jungler,Serbia,17.0
454,loulex,Jean-Victor Burgevin,Cloud9,Streamer,France,
455,Lounet,Léo Maurice,Team-LDLC,Manager,France,25.0
456,Lowpa,Tjalfe Rasmussen,Penguins,Bot,Denmark,22.0
457,LUBEEENZZZ,Lyuben Hadziev (Любен Хаджиев),Random 5,Top,Bulgaria,
458,Lucker,Damian Konefał,devils.one,Bot,Poland,21.0
459,Lukezy,Luka Trumbić,eMonkeyz,Mid,Croatia,22.0
460,Lunny,Vaios Dimzas (Βάιος Δήμζας),Different Dimension,Jungler,Greece,
461,Lunymati,Mateusz Szopa,Vortex Five,Bot,Poland,
462,Lurian,Rosario  Iovino,Racoon,Bot,Italy,20.0
463,Lurox,Lukas Thoma,Schalke Evolution,Jungler,Germany,19.0
464,Lvsyan,Sergi Madrigal Gómez,x6tence,Mid,Spain,23.0
465,Madi,Daniel Mader,404 Multigaming,Bot,Germany,19.0
466,Mafab,Maximilian Sindermann,Solwing Esports,Bot,Germany,21.0
467,MagiFelix,Felix Boström,Fnatic Rising,Mid,Sweden,19.0
468,Magikarp,Michael Hölzl,WarKidZ E-Sports,Jungler,Austria,
469,MakeItBetter,Samuel Polakovič,QLASH Forge,Mid,Slovakia,
470,Mako,Martín Rodríguez Lorente,AeQ eSports,Support,Spain,
471,Malacko,Jenei Krisztián,Team Plague,Jungler,Hungary,
472,Malice,Sebastian Edholm,bbq Olivers,Jungler,Sweden,22.0
473,Manaty,Stéphane Dimier,Solary,Jungler,France,17.0
474,Maniac,Tomasz Klimek,ISO eSports,Mid,Poland,
475,Manmatao,Marco Mourão,Penguins,Owner,France,41.0
476,Mantorras,João Conceição,Electronik Generation,Support,Portugal,
477,Marhoder,Pablo Menéndez,S2V Esports,Coach,Spain,25.0
478,MarineHBS,Szlovák Máté,WiLD MultiGaming,Top,Hungary,24.0
479,MarkiManki,Marc Leon Sieber,Ger-Swe Powerhouse,Bot,Germany,19.0
480,Markoon,Mark van Woensel,Ventus Esports,Jungler,Netherlands,16.0
481,Maroc3000,Miralem Becic,Alpaka Esports,Bot,Austria,
482,Matislaw,Mateusz Zagórski,devils.one,Mid,Poland,23.0
483,Maxi,Magnus Kristensen,FlyQuest Academy,Jungler,Denmark,18.0
484,Maxlore,Nubar Sarafian,Misfits Gaming,Jungler,United Kingdom,22.0
485,McFitty,Nikos Parikoglou (Νίκος Παρίκογλου),Gamespace eSports,Sub,Greece,
486,Meight,Török Máté,WiLD MultiGaming,Mid,Hungary,19.0
487,Melon,Alexis Barrachin,Lunary,Mid,France,
488,Memento,Jonas Elmarghichi,FC Schalke 04,Jungler,Sweden,23.0
489,MenQ,Marek Dziemian,EURONICS Gaming,Coach,Poland,24.0
490,Merza,Aleksi Meriläinen,MJ-Esports,Mid,Finland,24.0
491,Mikyx,Mihael Mehle,G2 Esports,Support,Slovenia,20.0
492,Milica,Aljoša Kovandžić (Аљоша Кованџић),Vodafone Giants,Mid,Serbia,
493,Miniduke,Ismael Martínez Cortés,Movistar Riders,Mid,Spain,
494,Mistrial,Stefan Ševčenko,Evolution Online,Support,North Macedonia,
495,Mithy,Alfonso Aguirre Rodríguez,Origen,Support,Spain,24.0
496,Mofosky,Robert Binek,Esports Academy,Support,Poland,
497,Monk,Joosep Kivilaan,Team MCES,Bot,Estonia,21.0
498,Moo,Adam Mura,Phelan Gaming,Top,Republic of Ireland,
499,Moopz,Amaury Minguerche,Team MCES,Support,Belgium,26.0
500,Mora,Jake Hammond,Galatasaray Esports,Coach,United Kingdom,
501,Mortsche,Tomáš Anděl,Rift Rats,Top,Czech Republic,
502,MoSiTing,Chris Würger,Schalke Evolution,Coach,Germany,
503,MounTain,Patrick Dasberg,ECO Black,Support,Germany,26.0
504,Mowarth,Tobias Sjunnesson,TCA eSports,Coach,Sweden,26.0
505,Moxokx,Magnus Kildegaard Madsen,Split Raiders,Bot,Denmark,
506,MrRallez,Rasmus Skinneholm,Ad Hoc Gaming,Bot,Denmark,22.0
507,MrWilson,Stavros Grivas (Σταύρος Γρίβας),Dawn of Stars,Bot,Greece,
508,mumus100,Szépvölgyi Márió,Vivo Keyd,Top,Hungary,21.0
509,Mun Harashi,Alberto Lo Grasso,Racoon,Coach,Italy,27.0
510,Mvt,Ervo Halonen,Team PHZ,Jungler,Finland,21.0
511,Mystiques,Patryk Piórkowski,Excel Esports,Support,Poland,22.0
512,Mytheos,Pavlos Voriatzidis,Sector One,Bot,Belgium,
513,Nahovsky,Kacper Merski,Wisła Płock,Coach,Poland,
514,Nalu,Tim Hostnik,RIFT Esports,Coach,Slovenia,
515,Nandisko,Fernando Peñalba Solís,Team Queso,Top,Spain,
516,Nando,Nando García Torres,Arena Quesito,Coach,Spain,
517,Narkuss,Alexandre Mege,Lunary,Jungler,France,
518,Navio,Tobias Stephan,BIG,Bot,Germany,19.0
519,neca247,Nemanja Vlaisavljević,ASUS ROG ELITE,Bot,Serbia,
520,Necromartin,Martin Jucha,Placeholder123,Top,Slovakia,23.0
521,Nejvi,Jakub Kupisz,Pogoń Szczecin,Coach,Poland,
522,Nekro,Simon Daniel Schneider,PANTHERS Gaming,Jungler,Germany,
523,Nemesis,Tim Lipovšek,Fnatic,Mid,Slovenia,19.0
524,Nemky,Nemanja Josimov,NYYRIKKI,Bot,Serbia,
525,Neon,Matúš Jakubčík,Misfits Premier,Bot,Slovakia,20.0
526,Nero,Konstantinos Perperidis (Κωνσταντίνος Περπερίδης),Pyrsos Esports,Jungler,Greece,23.0
527,Nero,Philipp Hofmann,RoyalBlue eSports,Mid,Germany,20.0
528,Nice Guy Ben,Ben-Luca Nordgerling,ZeroSeven Gera,Coach,Germany,
529,Nick,Niccolò Ramalli,Team Amelia,Jungler,Italy,18.0
530,Nieuczesana,Karolina Brodnicka,Illuminar Gaming,Streamer,Poland,
531,Night,Jeroen Segers,Sector One,Mid,Belgium,21.0
532,Nightmares,Richard Gielisse,Echo Zulu,Support,Netherlands,21.0
533,Nightshare,Tomáš Kněžínek,eSuba,Coach,Czech Republic,
534,Nijhuis,Tom Nijhuis,CPH Flames,Top,Denmark,21.0
535,Nikola Senpai,Nikola Đorđević,Fenerbahçe Academy,Support,Serbia,
536,Nikolex,Nikos Kechris (Νίκος Κεχρής),Different Dimension,Jungler,Greece,21.0
537,NilleNalley,Juho Janhunen,Galakticos,Top,Finland,18.0
538,Nippla,Mikael Dagur,Dusty,Jungler,,
539,Nisqy,Yasin Dinçer,Cloud9,Mid,Belgium,20.0
540,nite,Ardian Spahiu,mousesports,Mid,Germany,
541,Nixerino,Nicolás Colocho,G2 Heretics,Bot,Spain,
542,Nji,Cantoursna An,Fnatic Rising,Jungler,France,
543,Noma,Paulo Rebocho,SAMCLAN Esports Club,Mid,Portugal,18.0
544,Nono,Rim-Raimon Amanieu,STREAM TEAM FR,Bot,France,29.0
545,Noodlez,Dimitri Zografos,Movistar Riders,Analyst,Italy,24.0
546,Norskeren,Tore Hoel Eilertsen,Splyce,Support,Norway,19.0
547,NorthenLights,Spyros Diavatis (Σπύρος Διαβάτης),Reformed Gaming,Top,Greece,
548,Novachrono,Benjamin Micic,WarKidZ E-Sports,Top,Austria,
549,Noxiak,Lewis Simon Felix,EURONICS Gaming,Support,Germany,24.0
550,Noxus,Stavros Xiarchogiannopoulos (Σταύρος Ξιαρχογιαννόπουλος),Team Refuse,Jungler,Greece,
551,Nukeduck,Erlend Våtevik Holm,Origen,Mid,Norway,23.0
552,Nuokii,Dennis Werner,Hexagone eSports,Bot,Germany,
553,Nutri,Billy Wragg,Barrage Esports,Bot,United Kingdom,23.0
554,Obvious,Dennis Sørensen,mousesports,Jungler,Denmark,
555,Odin,Bruno Novais,Electronik Generation,Top,Portugal,18.0
556,Odoamne,Andrei Pascu,FC Schalke 04,Top,Romania,24.0
557,Ogierhaq,Bartosz Stopyra,Esports Academy,Jungler,Poland,
558,Orome,Andrei Popa,MAD Lions,Top,Romania,
559,Orthran,Pablo Martínez,AeQ eSports,Coach,Spain,
560,Outlandisch,Sermend Alhmawendi,GamerLegion,Jungler,Germany,24.0
561,Ovčák,Dominik Šilhánek,eSuba Vodafone Academy,Support,Czech Republic,18.0
562,Over,Kuba Seweryn,PRIDE,Coach,Poland,
563,Overpow,Remigiusz Pusch,Illuminar Gaming,Mid,Poland,28.0
564,Own3r,Tiago Mendes,For The Win Esports,Jungler,Portugal,
565,Owner,Babis Raftopoulos (Μπάμπης Ραφτόπουλος),Void Gaming,Bot,Greece,
566,P1noy,Kristoffer Albao Lund Pedersen,ROG Esport,Bot,Denmark,23.0
567,PainN,Pablo Calderón,Movistar Academy,Mid,Spain,
568,Palens,Antonio Palencia,MAD Lions,Top,Spain,
569,Panj,Luka Čiča,Lvlup Rhinos,Support,Serbia,
570,Paresz,Paksai Bálint,WiLD MultiGaming,Jungler,Hungary,18.0
571,Patrik,Patrik Jírů,Origen,Bot,Czech Republic,19.0
572,Paulcannon,Paolo Marcucci,MOBA ROG,Support,Italy,23.0
573,PederseNN,Jonas Pedersen,Penguins,Support,Denmark,
574,Pepi,Miro Rauten,Void Purple,Mid,Finland,17.0
575,Pepperinos,Petros Berdebes (Πέτρος Μπερδεμπές),Team Refuse,Mid,Greece,
576,Perkz,Luka Perković,G2 Esports,Bot,Croatia,20.0
577,Peter Dun,Peter Dun,Splyce,Coach,United Kingdom,
578,PFI,Raphael Freitas,DarkSpawn Gaming,Jungler,United Kingdom,
579,Phantomles,Kim Storm,Racoon,Mid,Sweden,20.0
580,Phones,Christian Sieg,Ad Hoc Gaming,Top,Germany,
581,Phrenic,Gerrit Stukemeier,SK Gaming Prime,Jungler,Germany,21.0
582,Pick,Otso Räty,ISO eSports,Support,Finland,20.0
583,Pietrox,Pietari Hirvensalo,NYYRIKKI Academy,Support,Finland,21.0
584,PiOk,Lukáš Lőrinc,eSuba,Bot,Slovakia,
585,Pjush,Anette Holm,Singularity Female,Support,Norway,
586,Plasma,Pedro Ribeiro,For The Win Esports,Support,Portugal,
587,Ploxy,Ole Martin Glomsaas,Nordavind,Jungler,Norway,20.0
588,PochiPoom,Pau Prada,S2V Esports,Manager,Spain,
589,Poeza,Haroen Hassan Ali,Echo Zulu,Jungler,Netherlands,
590,Polo,Marco Buchholz,PF Helix,Bot,Switzerland,23.0
591,Poni,Kevin Schlegel,Tempered Fate,Top,Germany,
592,Potatismjöl,David Hallin,HG Esports,Top,Sweden,
593,PowerOfEvil,Tristan Schrage,CLG,Mid,Germany,21.0
594,Pr0egy,Viktor Grabowski,404 Multigaming,Jungler,Germany,17.0
595,Prelude,Matthew Wong Sang,Barrage Esports,Top,Trinidad and Tobago,22.0
596,Pretty,Prodromos Kevezitidis (Πρόδρομος Κεβεζιτίδης),MAD Lions,Mid,Greece,21.0
597,Pride,Milo Wehnes,GamersOrigin,Jungler,Netherlands,
598,Pride,Mahdi Nasserzadeh,PF Helix,Top,Switzerland,21.0
599,Prime,Olivier Payet,MAD Lions,Support,France,19.0
600,Prime,Nick Van Den Bergh,S1.Academy,Top,Belgium,21.0
601,Prosfair,Tom Willis,Fnatic Rising,Support,United Kingdom,22.0
602,prtt,João Prata,Boavista FC,Jungler,Portugal,27.0
603,Psclly,Pascal Giling,S1.Academy,Top,Netherlands,17.0
604,Puki Style,Łukasz Zygmunciak,Illuminar Gaming,Bot,Poland,25.0
605,Pun1sher,Kontanstinos Katsikadakos (Κώστας Κατς),Greek Regenesis,Mid,Greece,20.0
606,Puppe,Jan-Mikael Buben,Team PHZ,Support,Finland,18.0
607,Pyrka,Łukasz Grześkowiak,Wisła Płock,Support,Poland,18.0
608,Rabble Arouser,Jochem van Graafeiland,PENTA 1860,Jungler,Netherlands,
609,Rafa,Eduardo Moreira,x6tence,Support,Portugal,
610,Rafitta,Rafa Ayllon,S2V Esports,Bot,Spain,
611,Raizins,Neyas Guruswamy,Enclave Gaming,Support,United Kingdom,
612,Random,Adam Grepl,eSuba,Mid,Czech Republic,17.0
613,Raqo,Max Temminck,Echo Zulu,Mid,Netherlands,20.0
614,Raven,Miłosz Domagalski,QLASH Forge,Top,Poland,
615,Raven,Renato Dimas,Havan Liberty,Coach,Portugal,24.0
616,Ravio,Miki Suominen,Neon Esports,Jungler,Finland,20.0
617,Rawbin IV,Robin Eggenberger,Sparks,Jungler,Sweden,23.0
618,Raxhy,Oliver Hovstadius,The Final Tribe,Jungler,Sweden,16.0
619,Raxon,Christoffer Bjerg,Fortress,Mid,Denmark,
620,Raxxo,Oskar Bazydło,Rogue Esports Club,Support,Poland,22.0
621,Rayito,Michael Curtet,eMonkeyz,Bot,Spain,
622,Razergy,Tobias Elsässer,ZeroSeven Gera,Bot,Austria,
623,Razork,Iván Martín Díaz,Vodafone Giants,Jungler,Spain,18.0
624,Realistik,Andrei Ruse,SK Gaming,Coach,Romania,23.0
625,Reativo,Oleg Ralchenko (Олег Ралченко),Falkol,Jungler,Ukraine,
626,Reeker,Steven Chen,mousesports,Mid,Germany,
627,Reje,Victor Etlar Eriksen,Ventus Esports,Bot,Denmark,20.0
628,Rekkles,Martin Larsson,Fnatic,Bot,Sweden,22.0
629,Rektiv,Szymon Rybka,Katastrofa Awionetki,Mid,Poland,
630,Renas,Renato Ferreira,Estoril Praia eSports,Top,Portugal,20.0
631,Reven,Antonio Pino,ASUS ROG Army,Top,Spain,25.0
632,Rharesh,Riccardo Tata,Racoon,Bot,Italy,23.0
633,Rhuckz,Rúben Barbosa,Movistar Riders,Support,Portugal,
634,risdrengen,Michael Tuan Hoang,Ventus Esports,Top,Denmark,
635,RNATION,Óscar Calvo,Movistar Academy,Bot,Spain,
636,Robocop,Ondřej Sklenička,PENTA 1860,Top,Czech Republic,18.0
637,Robusto,Karsai Ákos,Wonder Stag e-Sports,Mid,Hungary,
638,Rocklho,Felix Bao Duy Ho,OP innogy,Top,Vietnam,
639,Roison,Michał Dubiel,Origen BCN,Mid,Poland,
640,Ronchas,Daniel Huerta Garcia,x6tence,Manager,Spain,29.0
641,Rowelly,Billy Rowell,Diabolus Esports,Bot,United Kingdom,
642,RoyalKanin,Linus Grönlund,The Final Tribe,Mid,Sweden,
643,Rubi0o,Antonio Cruz Clavel,Giants Academy,Top,Spain,
644,Rufus,Radovan Moravec,SuperNitro1,Support,Czech Republic,20.0
645,Rulfchen,Tom Ruckh,MOBA ROG,Jungler,Germany,
646,Rybson,Artur Gębicz,Illuminar Gaming,Jungler,Poland,
647,Ryoshi,An kha Vien,PENTA 1860,Mid,Germany,
648,Ryujin,Francesco Nordio,VIS eSports,Jungler,Italy,17.0
649,Ryuzaki,Dušan Petković,Team oNe eSports,Jungler,Serbia,
650,S1d,Pietro Biffi,Outplayed Academy,Support,Italy,21.0
651,Sacre,Toni Sabalić,SK Gaming,Top,Croatia,22.0
652,Sacred,Hugo António,Rensga eSports,Support,Portugal,
653,Saddy,Pierpaolo Oliva,Samsung Morning Stars,Bot,Italy,18.0
654,Saitam,Mathias Gassmann,Brussels Guardians,Bot,Belgium,22.0
655,Saken,Lucas Fayard,Team Vitality,Mid,France,
656,Samanan,Vladimir Dimov (Владимир Димов),Pyrsos Esports,Top,Bulgaria,
657,SamChaka,Romain Melaye,Solary,Coach,France,39.0
658,Samux,Samuel Fernández Fort,MAD Lions,Bot,Spain,23.0
659,Sanchez,Jorge Cabildo Sánchez,x6tence,Bot,Spain,
660,Sanity,Argyris Kalathenos (Αργύρης Καλαθενός),Team Refuse,Support,Greece,
661,SanyaDau,Dau Quang Son,WiLD MultiGaming,Jungler,Hungary,18.0
662,Satanico,Kostantinos Tsigkos,Different Dimension,Top,Greece,21.0
663,Satorius,Max Günther,EURONICS Gaming,Top,Germany,25.0
664,Saulius,Saulius Lukošius,Outplayed,Mid,Lithuania,
665,Scarface,Daniel Aitbelkacem,eMonkeyz,Top,Germany,20.0
666,Scarlet,Marcel Wiederhofer,OpTic Academy,Mid,Austria,20.0
667,Seaz,Daniel Binderhofer,Tickling Tentacles,Support,Austria,
668,Sebekx,Sebastian Smejkal,Samsung Morning Stars,Mid,Poland,
669,Sebs,Sebastiaan Veldkamp,New Dynasty,Mid,Netherlands,24.0
670,Sedrion,Tarik Holz,Schalke Evolution,Bot,Germany,22.0
671,Seem,Simon Berkulo,Trust Gaming Erasmus,Mid,Netherlands,19.0
672,seerees,Robert Bilski,Vortex Five,Coach,Poland,
673,Seffe,Sebastian Tenn,NYYRIKKI,Support,Finland,21.0
674,sefi,Tobias Köstli,mYinsanity,Mid,Switzerland,18.0
675,Sekuar,Alessandro Sesani,QLASH Forge,Coach,Italy,33.0
676,Selfie,Marcin Wolski,Rogue Esports Club,Mid,Poland,22.0
677,Selfmade,Oskar Boderek,SK Gaming,Jungler,Poland,19.0
678,Selfway,Jere Oikarinen,NYYRIKKI,Support,Finland,17.0
679,SeMike,Miňo Vavro,eXtatus,Jungler,Slovakia,
680,Send0o,Rosendo Fuentes,Excel Esports,Top,Spain,23.0
681,Sertuss,Daniel Gamani,Schalke Evolution,Mid,Germany,
682,Shadow,Zhiqiang Zhao,mousesports,Jungler,Italy,18.0
683,Shanei,Erwin Pierlot,Team MCES,Coach,France,
684,Sharkk,Luc Gonçalves,Lunary,Support,France,
685,Sharp,Anders Lilleengen,MAD Lions,Jungler,Norway,
686,Sheepy,Fabian Mallant,Unicorns Of Love,Coach,Germany,25.0
687,Shemek,Damien Soulagnet,Vitality.Bee,Top,France,23.0
688,Shiage,Josef Číko,Rift Rats,Mid,Czech Republic,
689,Shield,Marco Pinza,Team Amelia,Support,Italy,
690,Shikari,Jordan Pointon,Fnatic Rising,Top,United Kingdom,
691,Shiny,Laure Delaroche,Out of the Blue,Support,France,22.0
692,Shlatan,Lucjan Ahmad,MAD Lions,Jungler,Poland,17.0
693,Showkz,Yann Singvongsa,Team Oplon,Jungler,France,
694,Sidewipe,Patryk Kaczor,Katastrofa Awionetki,Coach,Poland,
695,Silas,Silas de Jong,Solwing Esports,Mid,Netherlands,17.0
696,Siler,Ernesto Castañeda,Origen BCN,Mid,Spain,
697,Simon,Szymon Marcinkiewicz,Vortex Five,Mid,Poland,
698,Simpy,Sergi Ruiz,Samsung Morning Stars,Support,Spain,
699,Sinistro,Fábio Cuco,Penguins,Mid,Portugal,
700,Sinmivak,Jakub Rucki,PRIDE,Top,Poland,18.0
701,Sirinox,Michal Veit,Rift Rats,Bot,Czech Republic,
702,SirNukesAlot,Risto Luuri,SK Gaming Prime,Support,Estonia,
703,sK,Jorge Santos,SAMCLAN Esports Club,Support,Portugal,26.0
704,Skain,David Carbó Ferrer,G2 Heretics,Support,Spain,22.0
705,Skar,Alessandro Torresi,Team Amelia,Top,Italy,
706,Skeanz,Duncan Marquet,Vitality.Bee,Jungler,France,18.0
707,Sky,David Koppmann,AeQ eSports,Top,Austria,24.0
708,Slayer,Nuno Moutinho,Havan Liberty,Support,Portugal,21.0
709,Sleeping,Christian Tiensuu,Outplayed,Top,Finland,22.0
710,Sleighbeggy,Mika Schlesiona,GamerLegion,Support,,
711,Slyv3r,Job Goossens,S1.Academy,Bot,Netherlands,26.0
712,Smacl3r,Dalius Žukauskas,Žalgiris Esports,Top,Lithuania,21.0
713,Sméagol,Louis Green,UOL Sexy Edition,Coach,United Kingdom,21.0
714,Smittyj,Lennart Warkus,GamersOrigin,Top,Germany,22.0
715,Snoower,Patryk Grąbka,Pogoń Szczecin,Mid,Poland,
716,Snuggli,Rich Farmery,Phelan Gaming,Support,United Kingdom,
717,sOAZ,Paul Boyer,Misfits Gaming,Top,France,25.0
718,Sof,Sofiane Saibi,Phelan Gaming,Jungler,United Kingdom,
719,Sokru,Aleksi Cohen,ISO eSports,Top,Finland,
720,Songu,Piotr Stodółka,Vortex Five,Support,Poland,
721,Sorex,Leon Althof,Austrian Force,Support,Germany,
722,Sotze,Davide Di Guida,Team Amelia,Coach,Italy,
723,Soulah,David van Buuren,Team Animals,Jungler,Netherlands,21.0
724,SozPurefect,Hicham Tazrhini,GamersOrigin,Mid,Belgium,
725,Spale,Đorđe Spasić,Team oNe eSports,Coach,Serbia,26.0
726,Spartan,Paris Outsis-Dimitriadis (Πάρις Ούτσης-Δημητριάδης),We Love Gaming,Mid,Greece,20.0
727,Special,Joran Scheffer,Excel Esports,Mid,Netherlands,21.0
728,SpeeDy,George Daniel Savu,Team Queso,Jungler,Romania,23.0
729,Spikelife,Michele Tamanini,Cyberground Academy,Support,Italy,23.0
730,Stanniez,Stan Wulms,New Dynasty,Support,Netherlands,22.0
731,Steeelback,Pierre Medjaldi,Team-LDLC,Support,France,22.0
732,Stembi,Maximilian Esch,Austrian Force,Mid,Germany,
733,StenBosse,Stass Skopin,Dropz Esports,Top,Sweden,21.0
734,Steve,Etienne Michels,Out of the Blue,Coach,France,23.0
735,StevenDX,Jesús Esteban,Movistar Academy,Jungler,Spain,
736,Stiles,Biró Máté,WiLD MultiGaming,Bot,Hungary,19.0
737,StormFury,Max Schaller,PENTA 1860,Support,Germany,25.0
738,Striker,Filip Prentovic,Tigris eSports,Jungler,Germany,
739,styllEE,Rasmus Kristensen,Movistar Riders,Jungler,Denmark,20.0
740,Sufon,Dominik Dvořák,eXtatus,Support,Czech Republic,
741,SunnyXX,Josef Schusteritsch,XGS eSports,Bot,Austria,26.0
742,Sura,Orfeas Anastasiou,Gamespace eSports,Mid,Greece,21.0
743,Suzu,Marc Fábregas de Miguel,Team-LDLC,Coach,Dominican Republic,27.0
744,Svenskeren,Dennis Johnsen,Cloud9,Jungler,Denmark,23.0
745,Sveronis,Dimitris Sveronis (Δημήτρης Σβερώνης),Pyrsos Esports,Mid,Greece,20.0
746,Svikter,Viktor Lindén,Wind and Rain Nordic,Jungler,Sweden,
747,Syrpy,Kamil Pękacki,Different Dimension,Support,Poland,
748,Szeherezadka,Sylwia Rychlik,SHE-REX,Mid,Poland,27.0
749,Szygenda,Mathias Jensen,Origen BCN,Top,Denmark,18.0
750,Taikki,Arttu Sirkka,Bursaspor Esports,Jungler,Finland,25.0
751,TamoZ,Pierre-Antoine Gau-Verdon,NYYRIKKI,Top,France,22.0
752,Tarky,Jakub Vaňkát,Galakticos,Support,Czech Republic,
753,Tars,Kamil Szypcio,Totalna Kompromitacja,Mid,Poland,
754,TasteLess,Igor Radusinović,ASUS ROG ELITE,Support,Serbia,21.0
755,Tasz,Mateusz Borkowski,Pogoń Szczecin,Coach,Poland,20.0
756,Tatuy,Tatu Jauhiainen,MJ-Esports,Top,Finland,21.0
757,Taxer,Christian Vendelbo Bylling Jensen,Excel Esports,Jungler,Denmark,19.0
758,TemptAzn,Việt Phong Ngo,ZeroSeven Gera,Top,Vietnam,
759,Tent,Eduard Dinkelberg,Sector One,Jungler,Netherlands,19.0
760,Teogen,Vladimir Koleda (Владимир Коледа),ESCORT P9,Jungler,Latvia,18.0
761,Th3Antonio,Antonio Espinosa,Vodafone Giants,Top,Spain,20.0
762,The Answer,Leonhard Giljohan,Tempered Fate,Support,Germany,
763,TheKat,Rayan Karout,Bulldog Esports,Support,Lebanon,21.0
764,ThomasLoL,Thomas van Schaik,mCon esports,Support,Netherlands,21.0
765,Thralix,Erwin Geler,404 Multigaming,Support,Germany,18.0
766,Tiara,Ilmo Rapeli,Neon Esports,Support,Finland,20.0
767,Tiger,Alan Roger,EURONICS Gaming,Bot,Tunisia,
768,tmm,Arnolds Ķīvitis,ESCORT P9,Mid,Latvia,
769,Toaster,Augustas Ruplys,Vitality.Bee,Bot,Lithuania,
770,Toliam,Tom Brandon,Bulldog Esports,Top,United Kingdom,22.0
771,Tolkin,Niklot Stüber,mousesports,Top,Germany,21.0
772,Tonerre,Scott Ménard,Solary,Mid,France,21.0
773,Touch,Omid Rosander,Nordavind,Support,Norway,24.0
774,Tourtinaki,Sofia Christostomidou (Σοφία Χριστοστομίδου),Outlawz,Support,Greece,21.0
775,Tranquil,Lefteris Lazaridis Kirolivanos (Λευτέρης Λαζαρίδης Κηρολίβανος),Greek Regenesis,Bot,Greece,19.0
776,Trayton,Jean Medzadourian,Vitality.Bee,Support,France,20.0
777,Treatz,Erik Wessén,TSM Academy,Support,Sweden,23.0
778,Trenie,Mateusz Zabielski,Team DPD,Bot,Poland,
779,Truklax,Alexandre Rodrigues do Nascimento,Penguins,Top,Portugal,
780,Trymbi,Adrian Trybus,G2 Heretics,Support,Poland,
781,Tsili,Giorgos Tsilichranos (Γιώργος Τσιλιχράνος),Greek Regenesis,Streamer,Greece,
782,Tuomari,Jan-Willem van Wingerden,Echo Zulu,Top,Netherlands,19.0
783,Turanaga,Borislav Botev (Борислав Ботев),Random 5,Support,Bulgaria,
784,TynX,Kristian Østergaard Hansen,ROG Esport,Jungler,Denmark,19.0
785,Tython,Panagiotis Kobothekras (Παναγιώτης Κομποθέκρας),Different Dimension,Coach,Greece,24.0
786,Unbannedx,Daniel Liguori,Outplayed Academy,Bot,Italy,17.0
787,Unknown,Marcin Kubicki,Wisła Płock,Top,Poland,22.0
788,Unravel,Alexander Bachmann,Tempered Fate,Top,Austria,20.0
789,Upset,Elias Lipp,FC Schalke 04,Bot,Germany,19.0
790,Uthman,Rui Mendonça,SAMCLAN Esports Club,Jungler,Portugal,19.0
791,Valynora,Elfi Matrisch,Out of the Blue,Mid,Germany,27.0
792,Vamir,Floris Tuijn,Kaos Latin Gamers,Coach,Netherlands,
793,Vander,Oskar Bogdan,Rogue,Support,Poland,25.0
794,Vango,Antoine Tinguely,PF Helix,Mid,Switzerland,
795,Vasked,Václav Benda,eSuba,Support,Czech Republic,
796,Veggie,Fryderyk Kozioł,Illuminar Gaming,Manager,United States,28.0
797,Veggles,Veeti Valtonen,ISO eSports,Coach,Finland,
798,Ventair,Simon Tschammer,Schalke Evolution,Top,Germany,
799,Venzer,Alexander Kostadinov,Origen BCN,Bot,Bulgaria,
800,Viketox,Victor Navarro Ramos,Giants Academy,Support,Spain,
801,Vioreleeee,Richard Szabo,Gamespace eSports,Support,Romania,
802,Viper,Daniel Gruber,Austrian Force,Jungler,Austria,
803,Vizicsacsi,Tamás Kiss,Splyce,Top,Hungary,25.0
804,VL,Atte Korpi,MJ-Esports,Bot,Finland,22.0
805,VoidTerror,Alexandros Saroglou (Αλέξανδρος Σαρόγλου),Gamespace eSports,Mid,Greece,
806,Voluxa,Sami Holappa,Neon Esports,Top,Finland,18.0
807,Von,Dimitris Bakiris (Δημήτρης Μπακίρης),Team Queso,Mid,Greece,22.0
808,VoV,Bartłomiej Ryl,Illuminar Gaming,Coach,Poland,
809,Vrow,Albu Bogdan,Nexus Gaming,Mid,Romania,
810,vvarion,Mateusz Pieńkosz,ACTINA PACT,Jungler,Poland,19.0
811,vzz,Teodor Cholakov (Теодор Чолаков),Samsung Morning Stars,Bot,Bulgaria,
812,Waffeletten,Daniel Marques,ASP Esports,Support,Portugal,22.0
813,Wakz,César Hugues,Solary,Bot,France,26.0
814,Wardain,Adrian Müry,G2 Heretics,Top,Austria,22.0
815,Warden,Lukas Lenikas,UOL Sexy Edition,Jungler,Lithuania,
816,Warrior Lady,Christoforos Kliotis (Χριστοφόρος Κλειώτης),Pyrsos Esports,Top,Greece,
817,Warszi,Marcin Surała,Enclave Gaming,Mid,Poland,
818,WeiZoR,Andreas Svanholm,The Final Tribe,Top,Sweden,17.0
819,Wendelbo,Daniel Ernst Wendelbo,Team AURORA,Support,Denmark,20.0
820,Werlyb,Jorge Casanovas Moreno-Torres,SK Gaming Prime,Top,Spain,
821,wewillfailer,Bram de Winter,Wind and Rain Nordic,Support,Belgium,28.0
822,Whitein,Alexandru Kolozsvari,Gamespace eSports,Support,Romania,
823,WhiteKnight,Matti Sormunen,BIG,Top,Finland,23.0
824,Wictrec,Viktor Abrahamsson,Lightside Gaming,Jungler,Sweden,21.0
825,Wild Joshy,Joshua Lim,SILENTGAMING,Support,Malaysia,
826,WildPanda,Dimosthenis Dimitriadis (Δημοσθένης Δημητριάδης),Greek Regenesis,Support,Greece,24.0
827,Witkapje,Vincent Rietberg,New Dynasty,Bot,Netherlands,19.0
828,Witsyy,Tom Witsenburg,Solwing Esports,Jungler,Netherlands,
829,Woda,Piotr Świtała,ACTINA PACT,Support,Poland,
830,Wodziak,Dawid Kryczka,Nowe Rozdanie,Jungler,Poland,23.0
831,Wollf,Ashley Dixon,Barrage Esports,Mid,United Kingdom,24.0
832,Wondro,Ondrej Kenda,eSuba,Top,Slovakia,
833,Woolite,Paweł Pruski,Rogue Esports Club,Bot,Poland,
834,Woong,Omar Van Vynckt,S1.Academy,Support,Belgium,21.0
835,Worst,Ruben Correia,Electronik Generation,Bot,Portugal,
836,Wunder,Martin Hansen,G2 Esports,Top,Denmark,20.0
837,Wysek,Damian Adamczyk,Enclave Gaming,Jungler,Poland,
838,Xaio,Álvaro Hernández,Movistar Riders,Coach,Spain,
839,Xaky,Marcos Letras,For The Win Esports,Mid,Portugal,
840,xani,Nikola Zrinjski,Vitality.Bee,Coach,Croatia,
841,XDSMILEY,Ludvig Erik Hugo Granquist,GamersOrigin,Bot,Sweden,20.0
842,Xerxe,Andrei Dragomir,Splyce,Jungler,Romania,19.0
843,xGenesis,Pablo Jiménez Calderón,eMonkeyz,Top,Spain,21.0
844,xHarleen,Zuzanna Mikołajczak,ACTINA PACT,Coach,Poland,17.0
845,Xico,Francisco Cruz Antunes,G2 Heretics,Mid,Portugal,20.0
846,Xioh,Julian Dumler,Ad Hoc Gaming,Mid,Germany,
847,Xixauxas,Xavier Fluxà,S2V Esports,Support,Spain,
848,xMatty,Matthew Coombs,Fnatic Rising,Bot,United Kingdom,
849,XoYnUzi,Zhou En-Qiang (周恩强),Tickling Tentacles,Jungler,Austria,
850,xPriskornet,Marcus Vittrup Priskorn,Movistar Riders,Mid,Denmark,21.0
851,xTaba,Stefano Tabarelli,Dropz Esports,Bot,Italy,18.0
852,xTyLk,Jordi Buvalets,Gambit Esports,Mid,Ukraine,21.0
853,YallaSafSaf,Safièn Godthelp,Solwing Esports,Top,Netherlands,19.0
854,YamatoCannon,Jakob Mebdi,Team Vitality,Coach,Sweden,23.0
855,Yameru,Elias Jalonen,NYYRIKKI,Mid,Finland,22.0
856,YaphetS,Ante Bosnić,Forgiven (Croatian Team),Jungler,Croatia,18.0
857,Yaritori,Jannik Fröhlich,GamerLegion,Top,Germany,
858,Yaya,Yann Binjamin,Tempered Fate,Jungler,France,
859,Yazmat,Kalle Ollila,NYYRIKKI Academy,Bot,Finland,24.0
860,YellOwStaR,Bora Kim,Team-LDLC,Coach,France,27.0
861,Yike,Martin Sundelin,Vortex Five,Jungler,Sweden,
862,Yixiao,Kim Kroon,Samsung Morning Stars,Mid,Sweden,
863,Yoppa,Pavle Kostić (Павле Костић),MAD Lions,Top,Serbia,20.0
864,yoshi,Matouš Palme,Asura eSports,Top,Czech Republic,20.0
865,YoungBuck,Joey Steltenpool,Fnatic,Coach,Netherlands,27.0
866,Yuk,Gabriele Savì,HG Esports,Top,Italy,21.0
867,Yusa,Jo Cortez,Diabolus Esports,Bot,United Kingdom,20.0
868,Zaax,Tomasz Duda,Esports Academy,Mid,Poland,
869,Zaboutine,Thomas Si-Hassen,OpTic Gaming,Coach,France,
870,Zaqu,Saku Hänninen,ISO eSports,Bot,Finland,
871,ZaZee,Dirk Mallner,BIG,Mid,Germany,
872,Zekakos,Alexandros Zekai (Αλέξανδρος Ζεκάι),Outlawz,Support,Greece,26.0
873,Zeling,Alicia González,MAD Lions Academy,Mid,Spain,
874,Zen,Timotej Štempihar,1907 Fenerbahçe,Coach,Slovenia,
875,Zeniv,Aaron Salák,Tempered Fate,Bot,Germany,19.0
876,Zeph,Quentin Viguié,ROG Esport,Mid,France,
877,Zetural,Adrian Dziadkowiec,devils.one,Coach,Poland,
878,Zeussak,Peter Gbelec,Rift Rats,Support,Slovakia,
879,Zhergoth,Benjamin Sánchez,Sector One,Top,Netherlands,
880,Zoiren,Michal Zíka,Alpaka Esports,Mid,Czech Republic,21.0
881,Zorbo,Sebastian Holmén,Team PHZ,Mid,Finland,22.0
882,Zven,Jesper Svenningsen,Team SoloMid,Bot,Denmark,21.0
883,Zvir,Tim Gudz,DarkSpawn Gaming,Coach,United Kingdom,19.0
884,Zytan,Niklas Lakaniemi,Placeholder123,Support,Finland,25.0
885,Fisch,Sebastian Hoffman,,Bot,Germany,
886,Guardsman Bob,Bjørn Dons,,Streamer,Denmark,33.0
