,Rank,Name,Country,Game,Total Overall,Total from Game,% of Total
0,1,Sasha Hostyn,Canada,StarCraft II,323553.94,323553.94,100.0
1,2,Katherine Gunn,United States,Halo: Reach,122000.0,100000.0,81.97
2,3,Ricki Ortiz,United States,Street Fighter V,80780.18,63544.77,78.66
3,4,Marjorie Bartell,United States,Dead or Alive 4,55000.0,55000.0,100.0
4,5,Sarah Harrison,United Kingdom,Dead or Alive 4,50000.0,50000.0,100.0
5,6,Ksenia Klyuenkova,Russian Federation,Counter-Strike: Global Offensive,45204.95,44904.95,99.34
6,7,Anna Ananikova,Russian Federation,Counter-Strike: Global Offensive,39958.89,39958.89,100.0
7,8,Kristen -,Canada,Fortnite,38700.0,38700.0,100.0
8,9,Janet Rose,Canada,Fortnite,37550.0,28350.0,75.5
9,10,Benita Novshadian,United States,Counter-Strike: Global Offensive,35454.96,28254.96,79.69
10,11,Stephanie Harvey,Canada,Counter-Strike: Global Offensive,34746.05,22146.05,63.74
11,12,Zainab Turkie,Sweden,Counter-Strike: Global Offensive,33201.43,27904.23,84.05
12,13,Christine Chi,United States,Counter-Strike: Global Offensive,32545.25,17945.25,55.14
13,14,"Wang, Xinyu",China,Hearthstone,30312.39,30312.39,100.0
14,15,"Chen, YuYan",China,Hearthstone,30000.0,30000.0,100.0
15,16,Jia Aquino Dee,Philippines,Hearthstone,30000.0,30000.0,100.0
16,17,Julia Kiran,Sweden,Counter-Strike: Global Offensive,28934.23,28934.23,100.0
17,18,Diane Tran,United States,Counter-Strike: Global Offensive,28760.85,28760.85,100.0
18,19,Alyona Kuvaeva,Russian Federation,Counter-Strike: Global Offensive,28458.25,28458.25,100.0
19,20,Stephanie -,United States,Fortnite,26691.66,23875.0,89.45
20,21,Mounira Dobie,Canada,Counter-Strike: Global Offensive,26505.84,26505.84,100.0
21,22,Amanda Smith,Canada,Counter-Strike: Global Offensive,24573.63,24573.63,100.0
22,23,- -,Indonesia,Fortnite,23950.0,23950.0,100.0
23,24,Anastasiya Evdokina,Russian Federation,Counter-Strike: Global Offensive,23515.47,23515.47,100.0
24,25,Alyona Bordukova,Russian Federation,Counter-Strike: Global Offensive,22580.0,22580.0,100.0
25,26,- -,United States,Fortnite,21675.0,21675.0,100.0
26,27,- -,United States,Fortnite,21225.0,21225.0,100.0
27,28,Jennifer Le,United States,Counter-Strike: Global Offensive,21005.6,21005.6,100.0
28,29,Emma Choe,United States,Counter-Strike: Global Offensive,20815.6,20815.6,100.0
29,30,Vanessa Arteaga,United States,Dead or Alive 4,20000.0,20000.0,100.0
30,31,"Da, Hong Ye","Korea, Republic of",Hearthstone,20000.0,20000.0,100.0
31,32,- -,United States,Fortnite,19550.0,19550.0,100.0
32,33,"Tang, Haiyun",China,Hearthstone,18547.72,18547.72,100.0
33,34,- -,United States,Fortnite,18225.0,18225.0,100.0
34,35,Catherine Leroux-Racette,Canada,Counter-Strike: Global Offensive,18159.16,18159.16,100.0
35,36,Alice Lew,United States,Counter-Strike,18000.0,17000.0,94.44
36,37,Lauren -,United States,H1Z1,18000.0,18000.0,100.0
37,38,Rumay Wang,United States,World of WarCraft,17741.67,14700.0,82.86
38,39,Pathra Cadness,New Zealand,Hearthstone,16500.0,16500.0,100.0
39,40,- -,United States,Fortnite,16225.0,16225.0,100.0
40,41,Jamie Pereyda,United States,Quake III Arena,15000.0,15000.0,100.0
41,42,Michaela Lintrup,Denmark,Counter-Strike: Global Offensive,14939.88,14939.88,100.0
42,43,Irene Sanchez,Spain,Counter-Strike: Global Offensive,14636.06,9385.47,64.13
43,44,- -,United States,Fortnite,14525.0,7525.0,51.81
44,45,- -,United States,Fortnite,14375.0,14375.0,100.0
45,46,Emmalee Powell,United States,Counter-Strike: Global Offensive,14032.83,14032.83,100.0
46,47,Livia Teernstra,Netherlands,Dead or Alive 4,14000.0,14000.0,100.0
47,48,Carolyn Noquez,United States,Counter-Strike: Global Offensive,13932.83,13932.83,100.0
48,49,Amy Demicco,United States,Magic: The Gathering Arena,13700.0,13700.0,100.0
49,50,"-, -",China,PLAYERUNKNOWN’S BATTLEGROUNDS,13665.0,13665.0,100.0
50,51,Jamie Bickford,United States,Rocket League,13310.41,13310.41,100.0
51,52,"Li, XiaoMeng",China,Hearthstone,13200.0,13200.0,100.0
52,53,- -,Canada,Fortnite,13200.0,12700.0,96.21
53,54,Jessica Estephan,Australia,Magic: The Gathering Arena,12500.0,12500.0,100.0
54,55,Brittany Hamilton,United States,Magic: The Gathering Arena,12500.0,12500.0,100.0
55,56,Brianna Becker,United States,Counter-Strike: Global Offensive,12470.0,12470.0,100.0
56,57,Jennifer So,United States,Counter-Strike,11800.0,10800.0,91.53
57,58,"Fang, DongMei",China,Counter-Strike: Global Offensive,11781.6,11781.6,100.0
58,59,- -,United States,Fortnite,11250.0,11250.0,100.0
59,60,Melie Marceau,France,Fortnite,11203.28,11203.28,100.0
60,61,- -,United States,Fortnite,10500.0,10500.0,100.0
61,62,"Seo, Ji Soo","Korea, Republic of",StarCraft: Brood War,10341.73,10341.73,100.0
62,63,Jeannail Carter,United States,Tekken 7,10327.0,10327.0,100.0
63,64,"Yang, Ting",China,Counter-Strike: Global Offensive,10238.4,10238.4,100.0
64,65,"Zhao, Xiao",China,Counter-Strike: Global Offensive,10238.4,10238.4,100.0
65,66,Audrey Zoschak,United States,Magic: The Gathering Arena,10100.0,10100.0,100.0
66,67,Kalin Cassie Sarah,Belgium,Hearthstone,10000.0,10000.0,100.0
67,68,Alana Reid,Canada,Quake III Arena,10000.0,10000.0,100.0
68,69,Kiara Makua,United States,Counter-Strike: Global Offensive,9368.45,9368.45,100.0
69,70,Sonia García,Spain,Counter-Strike: Global Offensive,9343.88,9343.88,100.0
70,71,"Kim, Ga Young","Korea, Republic of",StarCraft II,9327.54,9327.54,100.0
71,72,Sarindhorn Wanothayarnchai,Thailand,Counter-Strike: Global Offensive,9314.99,7148.32,76.74
72,73,Tatyana Vorontsova,Russian Federation,Counter-Strike: Global Offensive,9118.51,9118.51,100.0
73,74,Daria Mishutina,Russian Federation,Counter-Strike: Global Offensive,9109.82,9109.82,100.0
74,75,Alexandra Ksenzik,Russian Federation,Counter-Strike: Global Offensive,9109.82,9109.82,100.0
75,76,Kelly Verhaegen,Belgium,Counter-Strike: Global Offensive,9085.88,9085.88,100.0
76,77,"Zhang, Meng",China,Counter-Strike: Global Offensive,9073.6,9073.6,100.0
77,78,"Ip, Yan",Hong Kong,Hearthstone,9000.0,9000.0,100.0
78,79,- -,Germany,Fortnite,8991.67,7500.0,83.41
79,80,- -,United States,Fortnite,8750.0,8750.0,100.0
80,81,Sandrine Avedissian,France,Counter-Strike,8693.52,7582.58,87.22
81,82,Sheila Weidman,United States,Magic: The Gathering Arena,8500.0,7500.0,88.24
82,83,Gaby Spartz,United States,Magic: The Gathering Arena,8075.0,8075.0,100.0
83,84,"Fong, SinMan",China,Counter-Strike: Global Offensive,8000.0,8000.0,100.0
84,85,Cora Georgiou,United States,Hearthstone,8000.0,8000.0,100.0
85,86,Allison Maino,United States,Magic: The Gathering Arena,7950.0,7950.0,100.0
86,87,Lauren Williams,United States,Rainbow Six Siege,7710.0,7710.0,100.0
87,88,Vanessa Hinostroza,United States,Magic: The Gathering Arena,7700.0,7700.0,100.0
88,89,Olivia Pontone,France,Counter-Strike,7582.58,7582.58,100.0
89,90,Anne Sophie Carasco,France,Counter-Strike,7582.58,7582.58,100.0
90,91,Beatriz Grancha,Spain,Magic: The Gathering Arena,7500.0,7500.0,100.0
91,92,- -,United States,Fortnite,7500.0,7500.0,100.0
92,93,Ashley Espinoza,United States,Magic: The Gathering Arena,7500.0,7500.0,100.0
93,94,Jamie Rigatti,United States,Magic: The Gathering Arena,7500.0,7500.0,100.0
94,95,- -,United States,Call of Duty: Black Ops 4,7250.0,6250.0,86.21
95,96,- -,United States,Fortnite,7250.0,7250.0,100.0
96,97,- -,Sweden,Fortnite,7150.0,7150.0,100.0
97,98,Justine Wu,United States,Hearthstone,7000.0,7000.0,100.0
98,99,- -,Canada,League of Legends,7000.0,7000.0,100.0
99,100,Samantha Whale,United Kingdom,Dead or Alive 4,7000.0,7000.0,100.0
100,101,"Pan, Ruo Tian",China,Vainglory,6987.67,6987.67,100.0
101,102,Nikolett Keszeli,Hungary,Counter-Strike: Global Offensive,6960.45,6960.45,100.0
102,103,- -,United States,Brawlhalla,6800.0,6800.0,100.0
103,104,- -,Canada,Fortnite,6700.0,6700.0,100.0
104,105,"Ye, Qianqian",China,Overwatch,6608.6,5860.24,88.68
105,106,Jane Wie,United States,Counter-Strike,6600.0,6600.0,100.0
106,107,Victoria Kazieva,Russian Federation,Counter-Strike: Global Offensive,6500.0,6500.0,100.0
107,108,Maria Creveling,United States,League of Legends,6346.67,6346.67,100.0
108,109,Mirlet Delgadillo,Mexico,Dead or Alive 4,6000.0,6000.0,100.0
109,110,"Kim, Se Yeon","Korea, Republic of",Overwatch,5993.13,5993.13,100.0
110,111,Laura Molina Quinto,Spain,Hearthstone,5916.33,5916.33,100.0
111,112,Amanda Defrance,United States,Fortnite,5750.0,3150.0,54.78
112,113,Anette Skarderud,Norway,Counter-Strike,5700.0,5700.0,100.0
113,114,Mayra Perez,Sweden,Counter-Strike,5574.03,5352.99,96.03
114,115,Julie Bouchard,Canada,Counter-Strike: Global Offensive,5290.8,5290.8,100.0
115,116,Therese Andersson,Sweden,Quake III Arena,5250.0,5250.0,100.0
116,117,Sophie Goncalves,France,Counter-Strike,5100.0,5100.0,100.0
117,118,Maureen-Lee Chick Ban,Mauritius,Counter-Strike: Global Offensive,5010.71,5010.71,100.0
118,119,Maria Lopez,Puerto Rico,Fortnite,5000.0,5000.0,100.0
119,120,Sophie Regnér,Sweden,Counter-Strike,5000.0,5000.0,100.0
120,121,- -,United States,Fortnite,5000.0,5000.0,100.0
121,122,Cary Szeto,United States,Quake III Arena,5000.0,5000.0,100.0
122,123,Sophia Benfakir,France,Counter-Strike: Global Offensive,4890.97,4890.97,100.0
123,124,- -,United States,Apex Legends,4666.67,4666.67,100.0
124,125,Petra Stoker,Netherlands,Counter-Strike: Global Offensive,4662.22,4662.22,100.0
125,126,Marie-Laure Norindr,France,Soul Calibur V,4650.0,4650.0,100.0
126,127,- -,United States,Hearthstone,4500.0,4500.0,100.0
127,128,Madalina Gherman,Romania,Counter-Strike: Global Offensive,4263.56,4263.56,100.0
128,129,Axelle Marie,France,Counter-Strike,4200.0,4200.0,100.0
129,130,Nicole Kock,Germany,League of Legends,4200.0,4200.0,100.0
130,131,Clara Rossi,France,Counter-Strike: Global Offensive,4156.43,4156.43,100.0
131,132,Therese Petersson,Sweden,Counter-Strike: Global Offensive,4135.12,4135.12,100.0
132,133,Ivelina Danova,Bulgaria,Counter-Strike: Global Offensive,4111.75,4111.75,100.0
133,134,Amélie Raoul,France,Counter-Strike: Global Offensive,3916.48,3916.48,100.0
134,135,Laura Le Bars,France,Counter-Strike: Global Offensive,3916.48,3916.48,100.0
135,136,Laura Déjou,France,Counter-Strike: Global Offensive,3916.48,3916.48,100.0
136,137,"Li, Ye",China,Counter-Strike: Global Offensive,3781.6,3781.6,100.0
137,138,"Hong, Wei",China,Counter-Strike: Global Offensive,3781.6,3781.6,100.0
138,139,Feby Dwi,Indonesia,Hearthstone,3750.0,3750.0,100.0
139,140,Lidia Poulin,Canada,Counter-Strike,3600.0,3600.0,100.0
140,141,Cordelia Chui,United Kingdom,Hearthstone,3600.0,3600.0,100.0
141,142,Klaudia Beczkiewicz,United States,Counter-Strike: Global Offensive,3556.0,3556.0,100.0
142,143,"Wu, Hyeon An","Korea, Republic of",League of Legends,3393.45,3393.45,100.0
143,144,"Jung, Hyel Yeong","Korea, Republic of",League of Legends,3393.45,3393.45,100.0
144,145,"Lee, Su Min","Korea, Republic of",League of Legends,3393.45,3393.45,100.0
145,146,"Kim, Jong Un","Korea, Republic of",League of Legends,3393.45,3393.45,100.0
146,147,"Jeong, Ye Ji","Korea, Republic of",League of Legends,3393.45,3393.45,100.0
147,148,"Xue, Ma",China,StarCraft II,3351.17,3351.17,100.0
148,149,Lisa Catino,Italy,Counter-Strike: Global Offensive,3316.32,3316.32,100.0
149,150,"Liu, Xiao Qin",China,Counter-Strike,3200.0,3200.0,100.0
150,151,Lizette Scheich,Sweden,Counter-Strike: Global Offensive,3197.76,3197.76,100.0
151,152,Alexia Mengus,France,Counter-Strike: Global Offensive,3165.07,3165.07,100.0
152,153,Nicoline Svensson,Sweden,Counter-Strike: Global Offensive,3118.37,3118.37,100.0
153,154,Marion Lopez,France,Counter-Strike: Global Offensive,3067.7,2559.42,83.43
154,155,Florence Yao,United States,StarCraft II,3050.0,3050.0,100.0
155,156,Kristina Stevanović,Serbia,Counter-Strike: Global Offensive,3020.14,3020.14,100.0
156,157,"Chen, Yue",China,Dead or Alive 4,3000.0,3000.0,100.0
157,158,Eileen Bell,Australia,Dead or Alive 4,3000.0,3000.0,100.0
158,159,Riley Frost,France,Overwatch,3000.0,3000.0,100.0
159,160,Sophie Breton,France,Dead or Alive 4,3000.0,3000.0,100.0
160,161,Daphne Chow,Singapore,Dead or Alive 4,3000.0,3000.0,100.0
161,162,Michelle Pleet,United States,Dead or Alive 4,3000.0,3000.0,100.0
162,163,- -,United States,Hearthstone,3000.0,3000.0,100.0
163,164,- -,Russian Federation,Quake 4,3000.0,3000.0,100.0
164,165,Kathy Zablotzky,United Kingdom,Dead or Alive 4,3000.0,3000.0,100.0
165,166,- -,United States,League of Legends,3000.0,3000.0,100.0
166,167,Juliana Maransaldi,Brazil,Counter-Strike: Global Offensive,2975.64,2375.64,79.84
167,168,Julia Kurzyńska,Poland,Counter-Strike: Global Offensive,2954.35,2954.35,100.0
168,169,Terri Mulvey,United Kingdom,Counter-Strike: Global Offensive,2940.22,2940.22,100.0
169,170,Tileä Flavall,New Zealand,StarCraft II,2936.08,2936.08,100.0
170,171,Paula Nishimura,Brazil,Counter-Strike,2900.0,2900.0,100.0
171,172,Leticia Nagao,Brazil,Counter-Strike,2900.0,2900.0,100.0
172,173,Natalia Ko,Brazil,Counter-Strike,2900.0,2900.0,100.0
173,174,Ashley Mowery,United States,Counter-Strike,2800.0,2800.0,100.0
174,175,"Chen, Yi",China,Counter-Strike,2800.0,2800.0,100.0
175,176,Andrada Radu,Romania,Gwent,2800.0,2800.0,100.0
176,177,Carol Vuong,Canada,Counter-Strike,2800.0,2800.0,100.0
177,178,"Zhou, Zhi Fan",China,Counter-Strike,2800.0,2800.0,100.0
178,179,- -,United States,Fortnite,2750.0,2750.0,100.0
179,180,"Lee, Ji Eun","Korea, Republic of",StarCraft: Brood War,2696.62,2696.62,100.0
180,181,Kelsy Medeiros,Canada,Super Smash Bros. for Wii U,2622.61,2517.17,95.98
181,182,"Li, QiaoSi",China,Counter-Strike: Global Offensive,2616.8,2616.8,100.0
182,183,Kristina Galichenko,Russian Federation,Counter-Strike: Global Offensive,2609.82,2609.82,100.0
183,184,"Shi, Ye",China,Counter-Strike,2600.0,2600.0,100.0
184,185,Christina Vilyamovskaya,Russian Federation,Counter-Strike,2586.0,2586.0,100.0
185,186,Sofia Tsaava,Russian Federation,Counter-Strike,2586.0,2586.0,100.0
186,187,Allochka Kurysheva,Russian Federation,Counter-Strike,2586.0,2586.0,100.0
187,188,Cara Vergel De Dios,Philippines,Hearthstone,2550.0,2550.0,100.0
188,189,Vanessa Ahlström,Sweden,Counter-Strike: Global Offensive,2513.7,2513.7,100.0
189,190,- -,Brazil,Counter-Strike,2500.0,2500.0,100.0
190,191,Sofia Degay,Russian Federation,Tekken Tag Tournament 2,2500.0,2500.0,100.0
191,192,Марина Хохлова,Russian Federation,Warface,2489.8,2489.8,100.0
192,193,Stanislava Zotkina,Russian Federation,Counter-Strike,2486.0,2486.0,100.0
193,194,Elodie Gaillard,France,Counter-Strike,2482.58,2482.58,100.0
194,195,Camila Natale,Brazil,Counter-Strike: Global Offensive,2480.9,2480.9,100.0
195,196,Melanie Gutsche,Germany,Counter-Strike: Global Offensive,2458.24,1421.04,57.81
196,197,"-, -",China,League of Legends,2421.34,2421.34,100.0
197,198,"-, -",China,League of Legends,2421.34,2421.34,100.0
198,199,"-, -",China,League of Legends,2421.34,2421.34,100.0
199,200,"-, -",China,League of Legends,2421.34,2421.34,100.0
200,201,"-, -",China,League of Legends,2421.34,2421.34,100.0
201,202,Louise Thomsen,Sweden,Counter-Strike,2400.0,2400.0,100.0
202,203,Line Marie Haug,Norway,Counter-Strike,2400.0,2400.0,100.0
203,204,Heather Garozzo,United States,Counter-Strike: Global Offensive,2400.0,2000.0,83.33
204,205,- -,Denmark,Counter-Strike: Global Offensive,2400.0,2400.0,100.0
205,206,Pamella Shibuya,Brazil,Counter-Strike: Global Offensive,2390.9,2390.9,100.0
206,207,Bruna Marvila,Brazil,Counter-Strike: Global Offensive,2375.64,2375.64,100.0
207,208,Gabriela Maldonado,Brazil,Counter-Strike: Global Offensive,2375.64,2375.64,100.0
208,209,Matilda Gustavsson,Sweden,Counter-Strike: Global Offensive,2284.21,2284.21,100.0
209,210,Anja Kannegaard Moeller,Denmark,Counter-Strike,2266.67,2266.67,100.0
210,211,Teebs Auberdine,Canada,Hearthstone,2250.62,2250.62,100.0
211,212,Deborah Sim,Singapore,Hearthstone,2250.0,2250.0,100.0
212,213,"-, -","Korea, Republic of",StarCraft: Brood War,2225.0,2225.0,100.0
213,214,Tatyana Grachyova,Russian Federation,Counter-Strike: Global Offensive,2218.51,2218.51,100.0
214,215,Sophie Byström,Sweden,Counter-Strike,2200.0,2200.0,100.0
215,216,Bárbara Calvo,Spain,Counter-Strike: Global Offensive,2160.42,2160.42,100.0
216,217,Déborah Teissonniere,France,Counter-Strike,2127.85,1357.61,63.8
217,218,Ana Oliveras Daví,Spain,Counter-Strike,2070.35,1900.0,91.77
218,219,Marie-Louise Eisenhardt,Denmark,Counter-Strike,2066.67,2066.67,100.0
219,220,"Wei, Hong",China,Counter-Strike: Global Offensive,2066.36,2066.36,100.0
220,221,Valita Chailert,United States,Counter-Strike: Global Offensive,2058.33,2058.33,100.0
221,222,Nina Omelchenko,Russian Federation,Counter-Strike,2033.33,2033.33,100.0
222,223,- -,United States,Apex Legends,2033.33,1333.33,65.57
223,224,Svetlana Alekseeva,Russian Federation,Counter-Strike,2033.33,2033.33,100.0
224,225,- -,Russian Federation,Quake 4,2000.0,2000.0,100.0
225,226,"Zhu, Li",China,StarCraft II,2000.0,2000.0,100.0
226,227,Emilie Lhernault,France,League of Legends,2000.0,2000.0,100.0
227,228,Kunchaley Werasesthada,Thailand,Point Blank,2000.0,2000.0,100.0
228,229,Naïma Gradi,France,League of Legends,2000.0,2000.0,100.0
229,230,- -,United States,Counter-Strike,2000.0,2000.0,100.0
230,231,- -,United States,Counter-Strike,2000.0,2000.0,100.0
231,232,Laurie Vandaëleu,France,League of Legends,2000.0,2000.0,100.0
232,233,Tess Rodriguez-Vieira,France,League of Legends,2000.0,2000.0,100.0
233,234,- -,United States,League of Legends,2000.0,2000.0,100.0
234,235,Melisa Mundorff,United States,Counter-Strike: Global Offensive,2000.0,2000.0,100.0
235,236,Allison Suttles,United States,Quake III Arena,2000.0,2000.0,100.0
236,237,Solène Coquerea,France,League of Legends,2000.0,2000.0,100.0
237,238,"Kim, Yung Mi","Korea, Republic of",StarCraft: Brood War,1975.32,1975.32,100.0
238,239,Meyssa Bellouati,France,Counter-Strike: Global Offensive,1960.6,1960.6,100.0
239,240,"Qin, Qin",China,Counter-Strike,1908.4,1600.0,83.84
240,241,Sofie Adolfsson,Sweden,Counter-Strike,1900.0,1900.0,100.0
241,242,Julie Ricou,France,Counter-Strike: Global Offensive,1854.42,1789.18,96.48
242,243,"-, -","Korea, Republic of",StarCraft: Brood War,1814.0,1814.0,100.0
243,244,"Moon, Sae Mi","Korea, Republic of",StarCraft II,1804.94,1804.94,100.0
244,245,"Mengjie, Shi",China,Counter-Strike,1800.0,1800.0,100.0
245,246,"Xiao, Feng",China,Counter-Strike,1800.0,1800.0,100.0
246,247,Nathalie Ek,Sweden,Counter-Strike,1800.0,1800.0,100.0
247,248,Laia Miralles,Spain,Counter-Strike: Global Offensive,1749.8,1749.8,100.0
248,249,Lucía García,Spain,Counter-Strike: Global Offensive,1749.8,1749.8,100.0
249,250,Kathleen Letsch,Germany,Counter-Strike: Global Offensive,1718.24,1421.04,82.7
250,251,"Lin, Ying Hsuan","Taiwan, Republic of China",League of Legends,1711.11,1711.11,100.0
251,252,Nurlelawati Binte Hussain,Singapore,Counter-Strike: Global Offensive,1700.0,1700.0,100.0
252,253,Tasha Chew,Singapore,Counter-Strike: Global Offensive,1700.0,1700.0,100.0
253,254,Adriana Song,Brazil,Counter-Strike,1700.0,1700.0,100.0
254,255,Heidi Holm,Denmark,Counter-Strike,1666.67,1666.67,100.0
255,256,Karin Dyhr Andersen,Denmark,Counter-Strike,1666.67,1666.67,100.0
256,257,Tatiana Stebaeve,Denmark,Counter-Strike,1666.67,1666.67,100.0
257,258,Christina Henriksen,Denmark,Counter-Strike,1666.67,1666.67,100.0
258,259,"Su, Yukie",China,Counter-Strike: Global Offensive,1661.34,1661.34,100.0
259,260,- -,Canada,Fortnite,1650.0,1650.0,100.0
260,261,- -,Russian Federation,Counter-Strike,1636.0,1636.0,100.0
261,262,Gina Kleinen,Germany,Counter-Strike: Global Offensive,1617.23,1617.23,100.0
262,263,Claudia Miranda,Brazil,Counter-Strike,1600.0,1600.0,100.0
263,264,Anne Caroline Melo,Brazil,CrossFire,1600.0,1600.0,100.0
264,265,Kayla Squires,Australia,Call of Duty: Black Ops III,1600.0,1600.0,100.0
265,266,Kaitlin Boop,United States,Counter-Strike: Global Offensive,1565.0,1565.0,100.0
266,267,- -,United States,Hearthstone,1550.0,1550.0,100.0
267,268,Nicole Gränitz,Germany,Counter-Strike,1540.0,940.0,61.04
268,269,- -,Philippines,Counter-Strike: Global Offensive,1500.0,1500.0,100.0
269,270,Helena Schulz,Germany,Counter-Strike: Global Offensive,1500.0,1500.0,100.0
270,271,Denise Hofmeister,Germany,Counter-Strike: Global Offensive,1500.0,1500.0,100.0
271,272,- -,Philippines,Counter-Strike: Global Offensive,1500.0,1500.0,100.0
272,273,- -,Philippines,Counter-Strike: Global Offensive,1500.0,1500.0,100.0
273,274,- -,Philippines,Counter-Strike: Global Offensive,1500.0,1500.0,100.0
274,275,Milica Tešović,Serbia,Tekken Tag Tournament 2,1500.0,1500.0,100.0
275,276,Nicki Taylor,United States,League of Legends,1500.0,1500.0,100.0
276,277,Stephanie Eydens,Germany,Counter-Strike: Global Offensive,1500.0,1500.0,100.0
277,278,"Hyeon Baek, Yong","Korea, Republic of",Dead or Alive 4,1500.0,1500.0,100.0
278,279,Niina Kahela,Finland,StarCraft II,1500.0,1500.0,100.0
279,280,- -,Philippines,Counter-Strike: Global Offensive,1500.0,1500.0,100.0
280,281,Barrera Alma Adriana,Mexico,Dead or Alive 4,1500.0,1500.0,100.0
281,282,- -,Spain,Hearthstone,1458.16,1458.16,100.0
282,283,"-, -","Korea, Republic of",StarCraft: Brood War,1453.0,1453.0,100.0
283,284,- -,United States,Fortnite,1450.0,1450.0,100.0
284,285,Emily Krumlinde,Sweden,StarCraft II,1448.1,1448.1,100.0
285,286,Bianca Cristina,Brazil,Point Blank,1435.64,1435.64,100.0
286,287,Celine Borges,Brazil,Point Blank,1435.64,1435.64,100.0
287,288,Diulia Oliveira,Brazil,Point Blank,1435.64,1435.64,100.0
288,289,Paola Caroline,Brazil,Point Blank,1435.64,1435.64,100.0
289,290,Brenda Mirek,Brazil,Point Blank,1435.64,1435.64,100.0
290,291,Liqi Lin,New Zealand,Counter-Strike: Global Offensive,1435.05,1435.05,100.0
291,292,Samantha Elias,United States,League of Legends,1428.57,1428.57,100.0
292,293,Laure Denivelle,France,Counter-Strike: Global Offensive,1420.16,1420.16,100.0
293,294,- -,United States,Fortnite,1375.0,1375.0,100.0
294,295,Christina Freeland,United States,Killer Instinct (2013),1368.15,1368.15,100.0
295,296,Albina Abusheva,Russian Federation,Counter-Strike,1333.33,1333.33,100.0
296,297,Salatova Polina,Russian Federation,Counter-Strike,1333.33,1333.33,100.0
297,298,Allie Grace,United States,Hearthstone,1325.0,1200.0,90.57
298,299,Serena Barnett,Australia,Overwatch,1323.04,1323.04,100.0
299,300,- -,Germany,League of Legends,1313.43,1313.43,100.0
300,301,Mirijam Koy,Austria,Hearthstone,1312.5,1250.0,95.24
301,302,Lisa Jubero,Spain,Counter-Strike,1300.0,1300.0,100.0
302,303,- -,Spain,Counter-Strike,1300.0,1300.0,100.0
303,304,Olga Pak,Russian Federation,Counter-Strike,1300.0,1300.0,100.0
304,305,Natalie Kristiansen,Norway,League of Legends,1272.0,1272.0,100.0
305,306,Sharon Waison,South Africa,Counter-Strike: Global Offensive,1247.77,1247.77,100.0
306,307,Laura Muñoz,Spain,League of Legends,1235.5,1235.5,100.0
307,308,Patrycja Krumin,Poland,League of Legends,1235.5,1235.5,100.0
308,309,Perrine Allesiardo,France,Counter-Strike: Global Offensive,1210.41,1210.41,100.0
309,310,"-, -",China,Counter-Strike,1200.0,1200.0,100.0
310,311,Sophie Phan,France,League of Legends,1200.0,1200.0,100.0
311,312,- -,United States,Magic: The Gathering Arena,1200.0,1200.0,100.0
312,313,Maria Kobzar,Russian Federation,Hearthstone,1200.0,1200.0,100.0
313,314,Cecilia Sezgin,France,League of Legends,1200.0,1200.0,100.0
314,315,Nicholena Moon,United States,Hearthstone,1200.0,1200.0,100.0
315,316,Anne-Sophie Rozanska,France,League of Legends,1200.0,1200.0,100.0
316,317,Angélique Bornier,France,League of Legends,1200.0,1200.0,100.0
317,318,Regan Slay,United States,Counter-Strike: Global Offensive,1200.0,1200.0,100.0
318,319,"-, -",China,Counter-Strike,1200.0,1200.0,100.0
319,320,Laure Delaroche,France,League of Legends,1200.0,1200.0,100.0
320,321,"-, -",China,Counter-Strike,1200.0,1200.0,100.0
321,322,Chloe Dowdeswell,United Kingdom,Dota 2,1179.24,1179.24,100.0
322,323,Lauren Scott,United Kingdom,Counter-Strike: Global Offensive,1178.37,1000.0,84.86
323,324,- -,United States,Fortnite,1175.0,1175.0,100.0
324,325,Alexandra Caron,Canada,Counter-Strike: Global Offensive,1169.04,1169.04,100.0
325,326,"Huang, Xiao Xian",China,League of Legends,1163.5,1163.5,100.0
326,327,"Zhang, Jing Wen",China,League of Legends,1163.5,1163.5,100.0
327,328,"Qin, Yi",China,League of Legends,1163.5,1163.5,100.0
328,329,"Zhang, Yi Si",China,League of Legends,1163.5,1163.5,100.0
329,330,"Yuan, Chen Chen",China,League of Legends,1163.5,1163.5,100.0
330,331,Marie-Astrid Vayssade,France,Counter-Strike: Global Offensive,1151.12,1151.12,100.0
331,332,Julia Strunkowski,Germany,Counter-Strike: Global Offensive,1145.61,889.82,77.67
332,333,- -,Norway,Rainbow Six Siege,1100.0,1100.0,100.0
333,334,"-, -","Korea, Republic of",StarCraft: Brood War,1077.67,1077.67,100.0
334,335,"Xia, Ting",China,Counter-Strike: Global Offensive,1073.6,1073.6,100.0
335,336,"Zhou, YanYu",China,Counter-Strike: Global Offensive,1073.6,1073.6,100.0
336,337,Mirna Noureldin,Canada,Counter-Strike: Global Offensive,1069.04,1069.04,100.0
337,338,Samantha Sun,Canada,Counter-Strike: Global Offensive,1069.04,1069.04,100.0
338,339,Joanne Tan,Canada,Counter-Strike: Global Offensive,1069.04,1069.04,100.0
339,340,Somalie Audet,Canada,Counter-Strike: Global Offensive,1069.04,1069.04,100.0
340,341,Sarina Bruno,Australia,Counter-Strike: Global Offensive,1058.21,1058.21,100.0
341,342,Jessica Majrouh,Australia,Counter-Strike: Global Offensive,1057.9,1057.9,100.0
342,343,Connie Ko,Australia,Counter-Strike: Global Offensive,1057.9,1057.9,100.0
343,344,Sophie -,United States,Yu-Gi-Oh! Duel Links,1039.34,1039.34,100.0
344,345,Tanja Reither,Austria,League of Legends,1035.5,1035.5,100.0
345,346,Ivana Kortová,Czech Republic,League of Legends,1035.5,1035.5,100.0
346,347,Marlies Brunnhofer,Austria,League of Legends,1035.5,1035.5,100.0
347,348,- -,Belarus,Age of Empires II: The Age of Kings,1012.45,1012.45,100.0
348,349,Isabella Chan,Australia,Overwatch,1004.58,1004.58,100.0
349,350,- -,United States,Hearthstone,1000.0,1000.0,100.0
350,351,Thái Hà Trang,Viet Nam,Hearthstone,1000.0,1000.0,100.0
351,352,Dimitra Deliopoulos,United States,Counter-Strike: Global Offensive,1000.0,1000.0,100.0
352,353,- -,Ukraine,Quake 4,1000.0,1000.0,100.0
353,354,- -,United States,League of Legends,1000.0,1000.0,100.0
354,355,Olya Horoshilova,Russian Federation,Counter-Strike: Global Offensive,1000.0,1000.0,100.0
355,356,Thannantdar Eimkhanthongsug,Thailand,Point Blank,1000.0,1000.0,100.0
356,357,Siriyakon Rinchai,Thailand,Point Blank,1000.0,1000.0,100.0
357,358,Koenig Mathilde,France,Counter-Strike: Global Offensive,1000.0,1000.0,100.0
358,359,Amy Fong,United States,Quake III Arena,1000.0,1000.0,100.0
359,360,Patima Sukniraphai,Thailand,Point Blank,1000.0,1000.0,100.0
360,361,Jirapapai Dokthaisong,Thailand,Point Blank,1000.0,1000.0,100.0
361,362,Tuula Rantala,Finland,Tekken Tag Tournament 2,1000.0,1000.0,100.0
362,363,"-, -",China,Counter-Strike,1000.0,1000.0,100.0
363,364,Abigail Kong,Singapore,Counter-Strike: Global Offensive,996.64,996.64,100.0
364,365,"Lee, Jong Mi","Korea, Republic of",StarCraft: Brood War,987.66,987.66,100.0
365,366,Carolin Babylon,Germany,Counter-Strike,969.74,969.74,100.0
366,367,Vitória Cecilia,Brazil,Paladins,958.44,958.44,100.0
367,368,Bianca Brink,South Africa,Battlefield 4,952.8,952.8,100.0
368,369,Taisiya Efimova,Russian Federation,Counter-Strike,950.0,950.0,100.0
369,370,Antonia Jilek,Germany,Counter-Strike,940.0,940.0,100.0
370,371,Stephanie Leduc,France,Counter-Strike: Global Offensive,928.02,928.02,100.0
371,372,Kaitlyn Richelle,Canada,StarCraft II,925.0,925.0,100.0
372,373,Valérie Quach,France,Counter-Strike: Global Offensive,913.55,830.24,90.88
373,374,"Tani, Kana",Japan,Tekken 7,912.92,912.92,100.0
374,375,Christine Jenkins,Australia,Counter-Strike: Global Offensive,905.01,905.01,100.0
375,376,Cara Lina,Australia,Counter-Strike: Global Offensive,905.01,905.01,100.0
376,377,- -,Australia,Counter-Strike: Global Offensive,904.7,904.7,100.0
377,378,"-, -","Korea, Republic of",StarCraft II,902.47,902.47,100.0
378,379,- -,Singapore,Counter-Strike: Global Offensive,900.0,900.0,100.0
379,380,Silena Urquiza,Spain,Counter-Strike,900.0,900.0,100.0
380,381,- -,Singapore,Counter-Strike: Global Offensive,900.0,900.0,100.0
381,382,Lily Chen,United States,Counter-Strike: Global Offensive,900.0,900.0,100.0
382,383,"Gang, Myeong Hui","Korea, Republic of",StarCraft: Brood War,898.87,898.87,100.0
383,384,- -,Hungary,Quake III Arena,876.33,876.33,100.0
384,385,Olimpia Cichosz,Poland,League of Legends,872.0,872.0,100.0
385,386,Nicole Vestergaard,Denmark,League of Legends,872.0,872.0,100.0
386,387,Olga Rusinova,Russian Federation,StarCraft II,860.6,860.6,100.0
387,388,Marianne Gan,United States,Counter-Strike: Global Offensive,854.17,854.17,100.0
388,389,Leah Hayes,United States,Street Fighter V,850.0,850.0,100.0
389,390,Anastasia Khlobystina,Russian Federation,Counter-Strike: Global Offensive,835.72,835.72,100.0
390,391,Lena Babic,Germany,Counter-Strike: Global Offensive,821.04,821.04,100.0
391,392,Amandine Hennrich,France,Counter-Strike: Global Offensive,810.41,810.41,100.0
392,393,Rose Sarite,France,Counter-Strike: Global Offensive,810.41,810.41,100.0
393,394,Mare Rivera,United States,Counter-Strike: Global Offensive,800.0,800.0,100.0
394,395,Jenn D.,United States,Counter-Strike: Global Offensive,800.0,800.0,100.0
395,396,Juli Toxic,United States,Counter-Strike: Global Offensive,800.0,800.0,100.0
396,397,Gabrielle Warren,United States,Counter-Strike: Global Offensive,800.0,800.0,100.0
397,398,Naomi Sauvola,United States,Counter-Strike: Global Offensive,800.0,800.0,100.0
398,399,Natalia Jackson,United States,Counter-Strike: Global Offensive,800.0,800.0,100.0
399,400,Samantha Gardull,United States,Counter-Strike: Global Offensive,800.0,800.0,100.0
400,401,Meryl Oh,Singapore,Counter-Strike: Global Offensive,800.0,800.0,100.0
401,402,Mare Rivera,United States,Counter-Strike: Global Offensive,800.0,800.0,100.0
402,403,Dinah Binte Abdul Kadir,Singapore,Counter-Strike: Global Offensive,800.0,800.0,100.0
403,404,Gabrielle Warren,United States,Counter-Strike: Global Offensive,800.0,800.0,100.0
404,405,Sabrina Ang,Singapore,Counter-Strike: Global Offensive,800.0,800.0,100.0
405,406,Jiney Cho,United States,Counter-Strike: Global Offensive,800.0,800.0,100.0
406,407,Claudia Maw,United Kingdom,Heroes of the Storm,769.58,769.58,100.0
407,408,Eve Schafer,Canada,ARMS,752.87,752.87,100.0
408,409,- -,Malaysia,Hearthstone,750.0,750.0,100.0
409,410,Sandra Sbrzesny,Germany,Counter-Strike,740.0,740.0,100.0
410,411,Elena Urusova,Russian Federation,Counter-Strike,733.33,733.33,100.0
411,412,Rita Serpa,Portugal,Counter-Strike: Global Offensive,729.08,729.08,100.0
412,413,Marta Asensio,Portugal,Counter-Strike: Global Offensive,729.08,729.08,100.0
413,414,Helena Bastos,Portugal,Counter-Strike: Global Offensive,729.08,729.08,100.0
414,415,Pilar Albuquerque,Portugal,Counter-Strike: Global Offensive,729.08,729.08,100.0
415,416,Cátia Lages,Portugal,Counter-Strike: Global Offensive,729.08,729.08,100.0
416,417,Carolina Angelino,Portugal,Counter-Strike: Global Offensive,729.08,729.08,100.0
417,418,Jessica Chernega,United States,StarCraft II,726.0,726.0,100.0
418,419,- -,Sweden,Counter-Strike,700.0,700.0,100.0
419,420,Anya Savvateeva,Russian Federation,Counter-Strike,700.0,700.0,100.0
420,421,- -,Spain,Hearthstone,699.92,699.92,100.0
421,422,Madeleine Leander,Sweden,StarCraft II,675.47,675.47,100.0
422,423,Sabrina Burkhardt,Germany,Counter-Strike: Source,667.77,667.77,100.0
423,424,Michelle Roberson,United States,ShootMania Storm,666.67,666.67,100.0
424,425,Lidiya Strakanova,Russian Federation,Counter-Strike,633.33,633.33,100.0
425,426,Adelina Nalsen,Sweden,League of Legends,624.0,624.0,100.0
426,427,Sara Jakobsén,Finland,League of Legends,624.0,624.0,100.0
427,428,"Zhu, TingTing",China,Counter-Strike: Global Offensive,616.8,616.8,100.0
428,429,"Kim, Shee Yoon","Korea, Republic of",StarCraft II,606.48,606.48,100.0
429,430,Madeline Barnard,Australia,Counter-Strike: Global Offensive,603.44,603.44,100.0
430,431,- -,France,Counter-Strike,600.0,600.0,100.0
431,432,Ana Carolina Ribeiro,Brazil,Counter-Strike,600.0,600.0,100.0
432,433,Falissah Finger,Brazil,Counter-Strike,600.0,600.0,100.0
433,434,- -,United States,Hearthstone,600.0,600.0,100.0
434,435,Kristine Thomassen,Norway,League of Legends,600.0,600.0,100.0
435,436,Amanda Charbonnel,France,Counter-Strike,600.0,600.0,100.0
436,437,Sara Tekaya,France,Counter-Strike: Global Offensive,600.0,600.0,100.0
437,438,"-, -",Indonesia,Hearthstone,600.0,600.0,100.0
438,439,Kristen Meehan,United States,Counter-Strike: Global Offensive,600.0,600.0,100.0
439,440,Natacha Fanganiello,Brazil,Counter-Strike,600.0,600.0,100.0
440,441,Angie Nielsen,Denmark,League of Legends,600.0,600.0,100.0
441,442,Helena Ruiz,Spain,League of Legends,600.0,600.0,100.0
442,443,Shayene Victorio,Brazil,Counter-Strike,600.0,600.0,100.0
443,444,Katarina Holmström,Sweden,Counter-Strike: Global Offensive,572.58,572.58,100.0
444,445,Katharina Helle Karlsson,Denmark,Counter-Strike: Global Offensive,572.58,572.58,100.0
445,446,Alena Shushpannikova,Russian Federation,Heroes of the Storm,570.0,570.0,100.0
446,447,Anna Martiny,Denmark,Counter-Strike: Global Offensive,560.0,560.0,100.0
447,448,Alina Duraj,Poland,Counter-Strike: Global Offensive,554.35,554.35,100.0
448,449,Agnieszka Olejnik,Poland,Counter-Strike: Global Offensive,554.35,554.35,100.0
449,450,Izabela Partyka,Poland,Counter-Strike: Global Offensive,554.35,554.35,100.0
450,451,Lila Lee,United States,Age of Empires II: The Age of Kings,550.0,550.0,100.0
451,452,Victoria Lok,Singapore,League of Legends,540.44,540.44,100.0
452,453,"-, -",China,League of Legends,534.58,534.58,100.0
453,454,"-, -",China,League of Legends,534.58,534.58,100.0
454,455,"-, -",China,League of Legends,534.58,534.58,100.0
455,456,"-, -",China,League of Legends,534.58,534.58,100.0
456,457,"-, -",China,League of Legends,534.58,534.58,100.0
457,458,Taylor Rose,United States,Super Smash Bros. for Wii U,520.72,365.4,70.17
458,459,Ana Ali,France,Counter-Strike: Global Offensive,513.7,513.7,100.0
459,460,Abigail Glover,United Kingdom,Counter-Strike: Global Offensive,508.41,508.41,100.0
460,461,Aurora Lyngdal,Norway,Counter-Strike: Global Offensive,508.41,508.41,100.0
461,462,Nina Flatnes,Sweden,Counter-Strike: Global Offensive,508.41,508.41,100.0
462,463,Ashley -,Canada,League of Legends,500.0,500.0,100.0
463,464,Patrycja Goszczyńska,Poland,Counter-Strike: Global Offensive,500.0,500.0,100.0
464,465,- -,United States,League of Legends,500.0,500.0,100.0
465,466,- -,Canada,League of Legends,500.0,500.0,100.0
466,467,Julie Kokholm,Denmark,Counter-Strike: Global Offensive,499.09,499.09,100.0
467,468,"Zou, Xuan",China,Counter-Strike,466.36,400.0,85.77
468,469,- -,Australia,Counter-Strike: Global Offensive,459.6,459.6,100.0
469,470,- -,Australia,Counter-Strike: Global Offensive,459.6,459.6,100.0
470,471,- -,Australia,Counter-Strike: Global Offensive,459.6,459.6,100.0
471,472,- -,Australia,Counter-Strike: Global Offensive,459.6,459.6,100.0
472,473,- -,Australia,Counter-Strike: Global Offensive,459.6,459.6,100.0
473,474,"-, -","Korea, Republic of",StarCraft II,451.24,451.24,100.0
474,475,"Yun, Mo Oh","Korea, Republic of",StarCraft: Brood War,449.44,449.44,100.0
475,476,Anamarija Pavlović,Croatia,Quake III Arena,438.17,438.17,100.0
476,477,"Wang, Shan",China,Counter-Strike: Global Offensive,426.78,426.78,100.0
477,478,Milenka Escalera,Spain,League of Legends,424.0,424.0,100.0
478,479,Marie-Christine Haslinger,Austria,League of Legends,413.01,413.01,100.0
479,480,Altynay Imanova,Kazakhstan,Counter-Strike: Global Offensive,400.0,400.0,100.0
480,481,Sabina af Jochnick,Sweden,Counter-Strike,400.0,400.0,100.0
481,482,Jeka Lavrenko,Russian Federation,Counter-Strike,400.0,400.0,100.0
482,483,Florencia Gasparini,Argentina,Counter-Strike: Global Offensive,400.0,400.0,100.0
483,484,Daniela Diaz,United States,Magic: The Gathering Arena,400.0,400.0,100.0
484,485,Stella Kim,Kazakhstan,Counter-Strike: Global Offensive,400.0,400.0,100.0
485,486,Juana Gimenez,Argentina,Counter-Strike: Global Offensive,400.0,400.0,100.0
486,487,"-, -",China,Counter-Strike,400.0,400.0,100.0
487,488,Julieta Grillia,Argentina,Counter-Strike: Global Offensive,400.0,400.0,100.0
488,489,- -,Sweden,Counter-Strike,400.0,400.0,100.0
489,490,- -,Sweden,Counter-Strike,400.0,400.0,100.0
490,491,Aizhan Miyerbekova,Kazakhstan,Counter-Strike: Global Offensive,400.0,400.0,100.0
491,492,Cathrine Halvorsen,Sweden,Counter-Strike,400.0,400.0,100.0
492,493,Nuriya Baigaziyeva,Kazakhstan,Counter-Strike: Global Offensive,400.0,400.0,100.0
493,494,Tina Andersen,Denmark,Counter-Strike,400.0,400.0,100.0
494,495,Aldana Ortiz,Argentina,Counter-Strike: Global Offensive,400.0,400.0,100.0
495,496,Assem Bexeitova,Kazakhstan,Counter-Strike: Global Offensive,400.0,400.0,100.0
496,497,- -,Sweden,Counter-Strike,400.0,400.0,100.0
497,498,Sol Checa,Argentina,Counter-Strike: Global Offensive,400.0,400.0,100.0
498,499,- -,Sweden,Counter-Strike,400.0,400.0,100.0
499,500,Rocio Pineda,Spain,Counter-Strike,400.0,400.0,100.0
