,Year,Rank,Game,Overall Prize,Players,Tournaments
0,2019,1,Fortnite,8592910.0,1353,136
1,2019,2,Dota 2,6474681.34,460,47
2,2019,3,Counter-Strike: Global Offensive,6272244.42,1877,226
3,2019,4,League of Legends,3645326.32,1006,62
4,2019,5,Overwatch,2922423.1,708,22
5,2019,6,Rainbow Six Siege,2147183.6,210,12
6,2019,7,PLAYERUNKNOWN’S BATTLEGROUNDS,2085330.45,355,14
7,2019,8,Hearthstone,1768000.0,189,12
8,2019,9,Apex Legends,1237340.16,453,46
9,2019,10,StarCraft II,1216505.07,227,112
10,2019,11,Call of Duty: Black Ops 4,1074807.0,253,28
11,2019,12,Magic: The Gathering Arena,1059000.0,104,9
12,2019,13,FIFA 19,836360.0,123,10
13,2019,14,Rocket League,697990.99,127,15
14,2019,15,Arena of Valor,539360.0,40,2
15,2019,16,Gears of War 4,500000.0,15,2
16,2019,17,Super Smash Bros. Ultimate,319843.72,513,165
17,2019,18,Magic: The Gathering Online,200000.0,24,1
18,2019,19,Tekken 7,177364.54,46,12
19,2019,20,Brawlhalla,140737.5,173,71
20,2019,21,World of WarCraft,120000.0,38,3
21,2019,22,Madden NFL 19,100000.0,5,2
22,2019,23,StarCraft: Brood War,80934.72,37,5
23,2019,24,Age of Empires II: The Age of Kings,79151.45,78,55
24,2019,25,Street Fighter V: Arcade Edition,77635.07,48,10
25,2019,26,Heroes of the Storm,71370.24,40,5
26,2019,27,Artifact,65362.64,179,86
27,2019,28,Guns of Boom,54800.0,4,6
28,2019,29,WarCraft III,41451.6,30,7
29,2019,30,Super Smash Bros. Melee,32402.0,71,18
30,2019,31,Dragon Ball FighterZ,31346.91,24,7
31,2019,32,TrackMania 2: Stadium,29412.88,45,30
32,2019,33,Mortal Kombat 11,28500.86,16,1
33,2019,34,rFactor 2,25752.15,72,7
34,2019,35,Gwent,25000.0,8,1
35,2019,36,NHL 19,19700.0,6,6
36,2019,37,Guilty Gear Xrd REV 2,16432.0,28,7
37,2019,38,Soul Calibur VI,16266.81,31,8
38,2019,39,King of Fighters XIV,14810.21,14,3
39,2019,40,CrossFire,14132.75,57,5
40,2019,41,BlazBlue: Cross Tag Battle,12504.44,29,6
41,2019,42,Team Fortress 2,11244.06,17,1
42,2019,43,Forza Motorsport 7,8500.0,3,3
43,2019,44,RaceRoom Racing Experience,8400.0,37,2
44,2019,45,Pokkén Tournament DX,6762.6,17,4
45,2019,46,Under Night In-Birth EXE: Late[st],4510.0,16,2
46,2019,47,iRacing.com,4451.94,101,5
47,2019,48,Age of Empires,4400.0,8,2
48,2019,49,Black Squad,4009.47,20,2
49,2019,50,BlazBlue: Central Fiction,3685.44,15,3
50,2019,51,Clash Royale,2130.0,1,1
51,2019,52,Age of Empires III,1475.0,19,12
52,2019,53,Marvel vs. Capcom: Infinite,960.0,8,3
53,2019,54,Super Street Fighter II Turbo,890.0,6,2
54,2019,55,Dead or Alive 6,870.0,3,1
55,2019,56,Street Fighter III: 3rd Strike,790.0,8,1
56,2019,57,ARMS,782.85,20,8
57,2019,58,Injustice 2,760.0,9,3
58,2019,59,Vampire Savior,710.0,3,1
59,2019,60,Skullgirls 2nd Encore,660.0,3,1
60,2019,61,Lethal League Blaze,609.76,9,3
61,2019,62,Ultimate Marvel vs. Capcom 3,490.0,3,1
62,2019,63,Mortal Kombat X,480.0,3,1
63,2019,64,Killer Instinct (2013),460.0,5,2
64,2019,65,Assetto Corsa,448.0,1,1
65,2019,66,Guilty Gear XX Accent Core Plus R,440.0,3,1
66,2019,67,Super Smash Bros.,432.2,9,2
67,2019,68,Sailor Moon S,420.0,3,1
68,2019,69,Melty Blood: Actress Again Current Code,350.0,1,1
69,2019,70,Tatsunoko vs. Capcom: Ultimate All-Stars,290.0,3,1
70,2019,71,Super Smash Bros. Brawl,289.62,6,1
71,2019,72,Project M,276.85,10,4
72,2019,73,Fighting EX Layer,220.0,3,1
73,2019,74,Street Fighter Alpha 2,130.0,3,1
74,2019,75,Mario Tennis Aces,51.3,3,1
75,2019,76,Hand of the Gods,34.2,1,1
76,2018,1,Dota 2,41420078.99,1118,167
77,2018,2,Counter-Strike: Global Offensive,22657892.39,4548,828
78,2018,3,Fortnite,20055832.14,1442,174
79,2018,4,League of Legends,14512216.23,1799,178
80,2018,5,PLAYERUNKNOWN’S BATTLEGROUNDS,7572167.16,1473,107
81,2018,6,Overwatch,6590091.65,1452,95
82,2018,7,Heroes of the Storm,5277279.76,368,34
83,2018,8,Hearthstone,4711852.27,828,131
84,2018,9,Call of Duty: World War II,4276751.83,220,38
85,2018,10,StarCraft II,4013357.65,364,434
86,2018,11,Arena of Valor,3324141.25,210,18
87,2018,12,Rocket League,2297363.32,287,74
88,2018,13,FIFA 18,2178215.26,223,35
89,2018,14,Rainbow Six Siege,1884653.23,401,44
90,2018,15,Halo 5: Guardians,1873750.0,96,18
91,2018,16,Shadowverse,1310000.0,24,1
92,2018,17,SMITE,1183500.0,143,11
93,2018,18,Street Fighter V: Arcade Edition,1149508.83,128,45
94,2018,19,CrossFire,1074640.06,151,26
95,2018,20,Gears of War 4,1022000.0,93,7
96,2018,21,NBA 2K18,1000000.0,91,4
97,2018,22,World of WarCraft,740000.0,124,27
98,2018,23,Quake Champions,640710.4,117,130
99,2018,24,Call of Duty: Black Ops 4,640563.0,151,41
100,2018,25,PLAYERUNKNOWN'S BATTLEGROUNDS Mobile,615211.0,90,6
101,2018,26,Paladins,559000.0,94,6
102,2018,27,FIFA 19,549019.7,122,13
103,2018,28,StarCraft: Brood War,434390.36,83,31
104,2018,29,Super Smash Bros. Melee,355510.89,260,95
105,2018,30,Gwent,341568.19,51,14
106,2018,31,Tekken 7,304205.36,80,37
107,2018,32,Brawlhalla,297604.7,193,97
108,2018,33,Realm Royale,263000.0,47,9
109,2018,34,Madden NFL 2018,259000.0,32,1
110,2018,35,Super Smash Bros. for Wii U,245789.22,290,114
111,2018,36,Clash Royale,239534.49,59,11
112,2018,37,FIFA Online 4,239000.0,36,1
113,2018,38,FIFA Online 3,237112.5,36,1
114,2018,39,F1 2018,200000.0,21,1
115,2018,40,Magic: The Gathering Online,200000.0,23,1
116,2018,41,WarCraft III,178267.52,80,114
117,2018,42,Injustice 2,158303.76,28,8
118,2018,43,iRacing.com,143340.3,191,18
119,2018,44,Guns of Boom,133950.0,4,14
120,2018,45,Dragon Ball FighterZ,114701.49,50,17
121,2018,46,Warface,109555.0,32,2
122,2018,47,NHL 18,102700.0,20,6
123,2018,48,Creative Destruction,100000.0,8,1
124,2018,49,Zula,100000.0,10,1
125,2018,50,Point Blank,99000.0,10,1
126,2018,51,Pokémon VGC,98500.0,112,15
127,2018,52,Battalion 1944,78576.62,48,7
128,2018,53,H1Z1,75000.0,20,1
129,2018,54,Team Fortress 2,72633.59,90,10
130,2018,55,Super Smash Bros. Ultimate,66282.62,197,40
131,2018,56,Heroes of Newerth,64039.12,0,1
132,2018,57,Age of Empires II: The Age of Kings,61192.13,77,49
133,2018,58,Hand of the Gods,50000.0,13,1
134,2018,59,Artifact,48541.35,90,27
135,2018,60,Age of Empires,41426.72,84,21
136,2018,61,Yu-Gi-Oh! Duel Links,35372.28,234,133
137,2018,62,World of Tanks Blitz,33330.0,0,5
138,2018,63,Battlerite,28750.0,29,2
139,2018,64,RaceRoom Racing Experience,27768.7,91,5
140,2018,65,Madden NFL 19,25000.0,1,1
141,2018,66,TrackMania 2: Stadium,24499.4,64,28
142,2018,67,Forza Motorsport 7,18000.0,1,3
143,2018,68,Killer Instinct (2013),17390.0,13,3
144,2018,69,Guilty Gear Xrd REV 2,15348.0,27,6
145,2018,70,Assetto Corsa,15000.0,8,1
146,2018,71,ARMS,13297.14,71,56
147,2018,72,BlazBlue: Cross Tag Battle,12810.0,11,2
148,2018,73,Project M,10783.06,67,18
149,2018,74,Battlefield 4,10275.45,38,2
150,2018,75,Super Smash Bros.,10173.17,55,13
151,2018,76,Magic: The Gathering Arena,10000.0,16,1
152,2018,77,Soul Calibur VI,8980.0,12,4
153,2018,78,King of Fighters XIV,8000.0,10,2
154,2018,79,BlazBlue: Central Fiction,7790.0,11,2
155,2018,80,Splatoon 2,5360.0,0,3
156,2018,81,Minecraft,4839.15,10,3
157,2018,82,Black Squad,4470.41,52,15
158,2018,83,osu!,4320.0,255,1
159,2018,84,Marvel vs. Capcom: Infinite,4130.0,19,3
160,2018,85,Mortal Kombat XL,3810.0,8,1
161,2018,86,Age of Empires III,3800.0,20,14
162,2018,87,Mortal Kombat 9,3260.0,8,1
163,2018,88,Super Smash Bros. Brawl,2590.0,14,4
164,2018,89,Critical Ops,2500.0,0,1
165,2018,90,NHL 19,2500.0,1,1
166,2018,91,Skullgirls 2nd Encore,2231.0,8,2
167,2018,92,Pokkén Tournament DX,2101.4,11,5
168,2018,93,Sailor Moon S,1163.0,6,3
169,2018,94,QuakeWorld,1042.22,9,3
170,2018,95,Age of Empires Online,1000.0,6,2
171,2018,96,Quake Live,500.0,2,1
172,2018,97,Super Street Fighter II Turbo,500.0,8,1
173,2018,98,Quake II,379.5,2,1
174,2018,99,Xonotic,277.75,10,3
175,2018,100,Warsow,183.0,2,1
176,2018,101,Reflex,163.66,12,3
177,2018,102,Age of Mythology,160.0,3,1
178,2018,103,Lethal League Blaze,11.4,1,1
179,2018,104,Pro Evolution Soccer 2018,0.0,6,1
180,2017,1,Dota 2,38054862.8,1002,160
181,2017,2,Counter-Strike: Global Offensive,19265587.57,4768,902
182,2017,3,League of Legends,12192063.76,1874,180
183,2017,4,Heroes of the Storm,5444449.54,441,41
184,2017,5,Call of Duty: Infinite Warfare,4027894.95,298,72
185,2017,6,Hearthstone,3476623.09,678,122
186,2017,7,Overwatch,3468515.83,1531,265
187,2017,8,StarCraft II,3407271.15,377,645
188,2017,9,Halo 5: Guardians,1748000.0,99,14
189,2017,10,SMITE,1567900.0,143,8
190,2017,11,H1Z1,1551550.0,88,8
191,2017,12,CrossFire,1519054.74,169,36
192,2017,13,Quake Champions,1481152.31,127,55
193,2017,14,FIFA 17,1447883.11,124,40
194,2017,15,Rocket League,1419821.29,254,80
195,2017,16,Street Fighter V,1308719.55,149,49
196,2017,17,Gears of War 4,1064000.0,88,16
197,2017,18,PLAYERUNKNOWN’S BATTLEGROUNDS,1007803.6,193,14
198,2017,19,rFactor 2,1000000.0,30,1
199,2017,20,Madden NFL 2017,904000.0,39,4
200,2017,21,Rainbow Six Siege,820756.78,248,20
201,2017,22,Clash Royale,775496.34,65,9
202,2017,23,World of WarCraft,726000.0,115,17
203,2017,24,World of Tanks,700000.0,98,3
204,2017,25,Injustice 2,630234.6,39,15
205,2017,26,Super Smash Bros. Melee,625446.11,447,292
206,2017,27,Pro Evolution Soccer 2017,510000.0,16,5
207,2017,28,Super Smash Bros. for Wii U,476372.17,390,205
208,2017,29,Arena of Valor,470000.0,57,4
209,2017,30,StarCraft: Brood War,368797.94,82,51
210,2017,31,Paladins,357026.63,108,18
211,2017,32,FIFA Online 3,342023.0,46,2
212,2017,33,Gwent,302988.98,274,91
213,2017,34,Call of Duty: World War II,271000.0,60,21
214,2017,35,WarCraft III,242954.2,96,198
215,2017,36,Tekken 7,227017.1,75,20
216,2017,37,Vainglory,179400.0,101,10
217,2017,38,Brawlhalla,170667.7,157,60
218,2017,39,Blade & Soul,149772.0,24,1
219,2017,40,Point Blank,121570.0,78,4
220,2017,41,Shadowverse,120000.0,24,1
221,2017,42,Heroes of Newerth,117046.61,20,2
222,2017,43,Magic: The Gathering Online,116000.0,16,1
223,2017,44,Pokémon VGC,113000.0,83,9
224,2017,45,KartRider,76160.35,33,2
225,2017,46,Team Fortress 2,74294.7,128,15
226,2017,47,Age of Empires II: The Age of Kings,70603.0,133,24
227,2017,48,iRacing.com,50445.99,146,9
228,2017,49,Hand of the Gods,44400.0,44,34
229,2017,50,FIFA 18,44247.24,29,7
230,2017,51,Killer Instinct (2013),42910.0,39,5
231,2017,52,Pokkén Tournament,35545.0,28,8
232,2017,53,World of Tanks Blitz,30000.0,14,1
233,2017,54,Guilty Gear Xrd REV 2,28350.0,31,6
234,2017,55,Age of Empires,27588.21,65,14
235,2017,56,BlazBlue: Central Fiction,26210.0,38,9
236,2017,57,Project M,25890.48,102,22
237,2017,58,Marvel vs. Capcom: Infinite,23920.0,17,4
238,2017,59,Battlerite,23541.71,42,35
239,2017,60,King of Fighters XIV,22598.67,43,10
240,2017,61,Madden NFL 2018,20676.62,9,2
241,2017,62,Mad Skills Motocross 2,20163.0,12,1
242,2017,63,Rivals of Aether,14100.0,13,3
243,2017,64,Yu-Gi-Oh! Duel Links,13354.44,142,85
244,2017,65,Super Smash Bros.,13273.74,87,19
245,2017,66,Heavy Metal Machines,12339.33,35,1
246,2017,67,Mortal Kombat XL,12252.4,19,5
247,2017,68,Ultimate Marvel vs. Capcom 3,11550.0,24,7
248,2017,69,TrackMania 2: Stadium,11332.19,37,13
249,2017,70,Quake Live,10492.75,21,19
250,2017,71,Critical Ops,10106.41,4,2
251,2017,72,Quake II,10000.0,3,1
252,2017,73,osu!,7560.0,499,3
253,2017,74,Doom (2016),7000.0,6,1
254,2017,75,Guilty Gear Xrd -REVELATOR-,6867.94,21,5
255,2017,76,Pokkén Tournament DX,6029.0,11,3
256,2017,77,Skullgirls 2nd Encore,5780.0,20,3
257,2017,78,Project Cars,5280.79,0,1
258,2017,79,QuakeWorld,5000.0,3,1
259,2017,80,Rage,5000.0,3,1
260,2017,81,The Elder Scrolls: Legends,5000.0,3,1
261,2017,82,Wolfenstein: Enemy Territory,4493.3,23,2
262,2017,83,Power Rangers: Legacy Wars,4178.55,2,1
263,2017,84,Splatoon 2,3425.0,0,3
264,2017,85,Super Smash Bros. Brawl,3401.77,26,7
265,2017,86,Age of Empires III,3300.0,19,7
266,2017,87,ARMS,3257.1,31,13
267,2017,88,Under Night In-Birth EXE: Late[st],3040.0,15,3
268,2017,89,Street Fighter III: 3rd Strike,2958.36,3,2
269,2017,90,Forza Motorsport 6,2500.0,2,2
270,2017,91,Super Street Fighter II Turbo,2490.0,16,4
271,2017,92,Battlefield 4,2305.53,20,1
272,2017,93,ComPet,2000.0,50,1
273,2017,94,Clash of Clans,1576.87,2,1
274,2017,95,Dead or Alive 5: Last Round,1360.0,3,1
275,2017,96,Call of Duty 2,1073.91,6,1
276,2017,97,S.K.I.L.L. - Special Force 2,1000.0,0,1
277,2017,98,Vampire Savior,910.0,8,1
278,2017,99,Under Night In-Birth EXE: Late,750.0,4,1
279,2017,100,Soul Calibur II HD Online,650.0,8,1
280,2017,101,Catherine,570.0,5,2
281,2017,102,Melty Blood: Actress Again Current Code,520.0,8,1
282,2017,103,Age of Empires Online,500.0,8,1
283,2017,104,Capcom vs. SNK 2,470.0,3,1
284,2017,105,Guilty Gear XX Accent Core Plus R,340.0,3,1
285,2017,106,NHL '94,321.2,7,3
286,2017,107,Persona 4 Arena Ultimax,300.0,3,1
287,2017,108,Gundam Versus,280.0,6,1
288,2017,109,Dengeki Bunko: Fighting Climax Ignition,270.0,3,1
289,2017,110,Ultra Street Fighter IV,250.0,3,1
290,2017,111,Xonotic,249.81,8,3
291,2017,112,Puyo Puyo Tetris,240.0,3,1
292,2017,113,Arcana Heart 3: LOVE MAX!!!!!,200.0,3,1
293,2017,114,Koihime Enbu,190.0,3,1
294,2017,115,Chaos Code: New Sign of Catastrophe,140.0,3,1
295,2017,116,Soul Calibur V,120.0,2,1
296,2016,1,Dota 2,37454419.92,896,153
297,2016,2,Counter-Strike: Global Offensive,17257390.23,4378,856
298,2016,3,League of Legends,10517828.44,1580,179
299,2016,4,Heroes of the Storm,4663149.1,388,63
300,2016,5,Call of Duty: Black Ops III,3853863.62,365,54
301,2016,6,Hearthstone,3455125.46,582,134
302,2016,7,Halo 5: Guardians,3411240.03,176,36
303,2016,8,StarCraft II,3182218.75,412,650
304,2016,9,Overwatch,1990735.16,1186,260
305,2016,10,SMITE,1638242.04,316,21
306,2016,11,CrossFire,887159.96,152,20
307,2016,12,Street Fighter V,867026.88,135,60
308,2016,13,FIFA Online 3,835082.4,35,3
309,2016,14,Super Smash Bros. Melee,674473.45,754,749
310,2016,15,Gears of War 4,501285.0,77,16
311,2016,16,World of WarCraft,453000.0,61,4
312,2016,17,Vainglory,424628.65,165,21
313,2016,18,WarCraft III,419963.19,93,108
314,2016,19,Super Smash Bros. for Wii U,419851.99,553,266
315,2016,20,World of Tanks,400000.0,40,2
316,2016,21,Rocket League,369013.89,150,48
317,2016,22,Guild Wars 2,300000.0,100,4
318,2016,23,Mortal Kombat X,290129.99,45,21
319,2016,24,Rainbow Six Siege,278733.58,83,13
320,2016,25,H1Z1,267244.0,18,2
321,2016,26,Heroes of Newerth,246433.55,97,24
322,2016,27,Clash Royale,228859.56,33,7
323,2016,28,Gears of War: Ultimate Edition,170000.0,39,3
324,2016,29,Blade & Soul,156182.4,28,2
325,2016,30,Point Blank,145000.0,74,2
326,2016,31,KartRider,144234.0,19,3
327,2016,32,MechWarrior Online,143490.0,0,1
328,2016,33,Call of Duty: Infinite Warfare,123771.31,48,3
329,2016,34,Magic: The Gathering Online,104000.0,13,1
330,2016,35,Paladins,104000.0,26,2
331,2016,36,Madden NFL 2017,100000.0,16,1
332,2016,37,Mortal Kombat XL,99871.39,23,6
333,2016,38,FIFA 16,93857.41,47,15
334,2016,39,Brawlhalla,78731.09,115,67
335,2016,40,Team Fortress 2,78655.99,218,20
336,2016,41,Tekken 7,78599.54,66,16
337,2016,42,StarCraft: Brood War,75492.76,27,10
338,2016,43,Age of Empires,62321.8,99,20
339,2016,44,Killer Instinct (2013),55479.59,44,12
340,2016,45,Madden NFL 2016,50000.0,8,1
341,2016,46,Age of Empires II: The Age of Kings,48510.14,123,22
342,2016,47,iRacing.com,46853.68,131,6
343,2016,48,Uncharted 4: A Thief's End,46235.07,5,1
344,2016,49,Counter-Strike Online,40000.0,15,1
345,2016,50,Pokkén Tournament,39976.66,34,7
346,2016,51,Project M,38048.66,162,48
347,2016,52,Project Cars,31100.0,19,7
348,2016,53,Grey Goo,30400.0,16,2
349,2016,54,FIFA 17,30305.99,41,4
350,2016,55,Guilty Gear Xrd -REVELATOR-,28899.49,47,11
351,2016,56,Quake Live,28002.76,14,25
352,2016,57,Pro Evolution Soccer 2016,27243.84,17,6
353,2016,58,QuakeWorld,25000.0,16,1
354,2016,59,Old School Runescape,20000.0,2,2
355,2016,60,Super Smash Bros.,18173.98,74,32
356,2016,61,Ultimate Marvel vs. Capcom 3,17761.06,44,24
357,2016,62,Battlerite,12881.74,55,38
358,2016,63,TrackMania 2: Stadium,12278.56,26,14
359,2016,64,Ultra Street Fighter IV,8546.61,42,15
360,2016,65,Metal Gear Online,8000.0,37,8
361,2016,66,Guilty Gear Xrd -SIGN-,7110.0,25,10
362,2016,67,Battlefield 4,6070.68,40,3
363,2016,68,Skullgirls Encore,5110.0,13,4
364,2016,69,King of Fighters XIV,4988.49,18,3
365,2016,70,Pro Evolution Soccer 2017,4697.71,23,11
366,2016,71,osu!,4320.0,245,1
367,2016,72,Super Smash Bros. Brawl,4180.54,36,12
368,2016,73,BlazBlue: Chronophantasma Extend,3974.56,16,6
369,2016,74,Under Night In-Birth EXE: Late,3050.0,19,7
370,2016,75,BlazBlue: Central Fiction,2836.51,11,2
371,2016,76,Tekken Tag Tournament 2,2520.0,13,4
372,2016,77,Age of Empires III,2120.0,12,6
373,2016,78,Naruto Shippuden: Ultimate Ninja Storm 4,2000.0,0,2
374,2016,79,Dead or Alive 5: Last Round,1934.58,14,5
375,2016,80,Skullgirls 2nd Encore,1700.0,8,1
376,2016,81,Tetris Ultimate,1500.0,2,1
377,2016,82,Super Street Fighter II Turbo,1459.72,17,4
378,2016,83,Nitroplus Blasterz: Heroines Infinite Duel,1380.0,5,2
379,2016,84,Xonotic,1283.15,13,3
380,2016,85,Persona 4 Arena Ultimax,1250.0,11,4
381,2016,86,Unreal Tournament (2016),1071.42,17,3
382,2016,87,Vampire Savior,918.74,9,3
383,2016,88,Guilty Gear XX Accent Core Plus R,870.0,5,2
384,2016,89,King of Fighters XIII,834.57,9,3
385,2016,90,NHL '94,806.16,7,3
386,2016,91,Melty Blood: Actress Again Current Code,700.0,8,1
387,2016,92,Dengeki Bunko: Fighting Climax Ignition,662.3,11,2
388,2016,93,Splatoon,620.0,0,1
389,2016,94,Forza Motorsport 6,550.0,3,5
390,2016,95,Injustice: Gods Among Us,500.0,3,1
391,2016,96,Rivals of Aether,500.0,2,2
392,2016,97,Bloodline Champions,455.32,6,4
393,2016,98,King of Fighters 2002 Unlimited Match,380.0,3,1
394,2016,99,Catherine,270.0,3,1
395,2016,100,Virtua Fighter 5 Final Showdown,268.54,7,2
396,2016,101,Koihime Enbu,250.0,3,1
397,2016,102,MOBA Legends,225.0,3,1
398,2016,103,Arcana Heart 3: LOVE MAX!!!!!,210.0,3,1
399,2016,104,Marvel vs. Capcom 3,199.29,0,1
400,2016,105,Divekick,180.0,3,1
401,2016,106,Tatsunoko vs. Capcom: Ultimate All-Stars,170.0,3,1
402,2016,107,Aquapazza: Aquaplus Dream Match,160.0,3,1
403,2016,108,Soul Calibur V,140.0,3,2
404,2016,109,Marvel vs. Capcom 2,100.0,3,1
405,2016,110,Reflex,32.74,1,1
406,2015,1,Dota 2,31035370.86,986,226
407,2015,2,League of Legends,7713989.66,1907,307
408,2015,3,Counter-Strike: Global Offensive,6282272.07,3000,705
409,2015,4,SMITE,3709088.73,252,42
410,2015,5,StarCraft II,3016193.36,500,688
411,2015,6,Call of Duty: Advanced Warfare,2479868.75,751,363
412,2015,7,Heroes of the Storm,2470686.83,666,286
413,2015,8,Hearthstone,2369583.73,558,250
414,2015,9,World of Tanks,1203054.52,248,20
415,2015,10,Heroes of Newerth,810839.41,261,76
416,2015,11,Ultra Street Fighter IV,642578.64,148,123
417,2015,12,Super Smash Bros. Melee,514782.37,554,532
418,2015,13,CrossFire,500714.08,133,73
419,2015,14,World of WarCraft,470948.7,82,20
420,2015,15,Halo 2 Anniversary,378667.45,81,13
421,2015,16,Super Smash Bros. for Wii U,266049.19,450,260
422,2015,17,Mortal Kombat X,232922.43,65,40
423,2015,18,WarCraft III,219597.87,56,58
424,2015,19,Vainglory,193392.54,83,4
425,2015,20,Age of Empires II: The Age of Kings,189686.83,117,10
426,2015,21,H1Z1,173328.0,20,2
427,2015,22,StarCraft: Brood War,153368.67,75,52
428,2015,23,Evolve,131509.05,110,33
429,2015,24,FIFA 15,128912.62,143,295
430,2015,25,Magic: The Gathering Online,116000.0,16,1
431,2015,26,Guild Wars 2,115930.14,39,34
432,2015,27,Blade & Soul,103401.12,16,2
433,2015,28,Tekken 7,97214.27,14,3
434,2015,29,S.K.I.L.L. - Special Force 2,91548.95,65,16
435,2015,30,Battlefield 4,83382.97,93,69
436,2015,31,Killer Instinct (2013),83227.57,43,13
437,2015,32,Team Fortress 2,82721.87,195,18
438,2015,33,Call of Duty: Black Ops III,77597.45,145,23
439,2015,34,Point Blank,58097.75,102,10
440,2015,35,Project M,57236.28,213,72
441,2015,36,KartRider,54188.0,12,1
442,2015,37,Quake Live,49091.89,51,41
443,2015,38,Counter-Strike Online,40000.0,15,1
444,2015,39,iRacing.com,38687.89,111,5
445,2015,40,Guilty Gear Xrd -SIGN-,30335.66,69,28
446,2015,41,Halo 5: Guardians,28490.94,35,7
447,2015,42,Pro Evolution Soccer 2015,26544.76,3,1
448,2015,43,TrackMania 2: Stadium,23572.31,26,11
449,2015,44,Ultimate Marvel vs. Capcom 3,21643.72,72,24
450,2015,45,FIFA 16,21638.34,16,9
451,2015,46,FIFA Online 3,20124.0,8,2
452,2015,47,ShootMania Storm,17028.67,9,4
453,2015,48,Persona 4 Arena Ultimax,16528.16,41,10
454,2015,49,Rocket League,15834.7,79,62
455,2015,50,Super Street Fighter IV Arcade Edition,13712.98,8,1
456,2015,51,Battlefield Hardline,13463.28,20,1
457,2015,52,Age of Empires,12939.0,26,9
458,2015,53,Super Smash Bros.,11915.7,57,19
459,2015,54,Super Smash Bros. Brawl,9890.0,43,7
460,2015,55,Grey Goo,6000.0,12,3
461,2015,56,Call of Duty: Black Ops 2,5000.0,4,1
462,2015,57,osu!,5000.0,239,1
463,2015,58,Skullgirls Encore,3915.4,23,6
464,2015,59,Brawlhalla,3710.0,48,13
465,2015,60,Dead or Alive 5: Last Round,3709.24,28,7
466,2015,61,Overwatch,3320.0,44,10
467,2015,62,NHL 15,3157.16,3,3
468,2015,63,Call of Duty 4: Modern Warfare,2703.33,0,1
469,2015,64,Gears of War 3,2700.0,13,2
470,2015,65,NHL '94,2691.2,16,2
471,2015,66,Tekken Tag Tournament 2,2606.44,28,10
472,2015,67,Wolfenstein: Enemy Territory,2107.3,18,1
473,2015,68,Age of Empires III,1995.0,16,3
474,2015,69,Reflex,1962.0,9,3
475,2015,70,Under Night In-Birth EXE: Late,1695.76,25,8
476,2015,71,King of Fighters XIII,1460.31,31,8
477,2015,72,Street Fighter III: 3rd Strike,1224.86,10,4
478,2015,73,Divekick,1110.0,5,2
479,2015,74,Shards of War,1029.21,20,1
480,2015,75,Rising Thunder,1000.0,3,1
481,2015,76,Tetris Ultimate,1000.0,4,1
482,2015,77,BlazBlue: Chronophantasma Extend,944.21,15,5
483,2015,78,Soul Calibur V,920.0,16,4
484,2015,79,Injustice: Gods Among Us,870.0,8,3
485,2015,80,Splatoon,770.0,3,3
486,2015,81,TrackMania 2: Canyon,540.66,3,1
487,2015,82,BlazBlue: Chronophantasma,485.58,24,5
488,2015,83,Legend of Glory,472.66,0,1
489,2015,84,Nitroplus Blasterz: Heroines Infinite Duel,464.0,3,1
490,2015,85,Super Street Fighter II Turbo,328.69,6,2
491,2015,86,Unreal Tournament (2016),314.63,9,2
492,2015,87,Mortal Kombat 9,190.0,3,1
493,2015,88,Ultimate Mortal Kombat 3,150.0,3,1
494,2015,89,Virtua Fighter 5 Final Showdown,145.23,3,1
495,2015,90,Guilty Gear XX Accent Core Plus R,120.0,10,2
496,2015,91,Capcom vs. SNK 2,61.79,3,1
497,2015,92,Dengeki Bunko: Fighting Climax,60.0,3,1
498,2015,93,QuakeWorld,55.09,1,1
499,2015,94,Marvel vs. Capcom 2,0.0,11,2
500,2015,95,Melty Blood: Actress Again,0.0,8,1
501,2014,1,Dota 2,16580231.09,667,145
502,2014,2,League of Legends,8057290.99,1633,428
503,2014,3,StarCraft II,3468615.03,500,608
504,2014,4,Counter-Strike: Global Offensive,1960427.74,1395,277
505,2014,5,Call of Duty: Ghosts,1516491.95,176,61
506,2014,6,Hearthstone,1123245.18,309,177
507,2014,7,World of Tanks,882436.68,64,7
508,2014,8,CrossFire,506348.43,187,46
509,2014,9,SMITE,497909.6,81,10
510,2014,10,Heroes of Newerth,486110.24,249,87
511,2014,11,World of WarCraft,250000.0,24,1
512,2014,12,WarCraft III,215181.8,47,29
513,2014,13,Super Smash Bros. Melee,163317.73,360,266
514,2014,14,Ultra Street Fighter IV,162631.79,96,79
515,2014,15,Battlefield 4,128323.18,74,67
516,2014,16,Call of Duty: Advanced Warfare,126947.81,127,40
517,2014,17,Magic: The Gathering Online,116000.0,16,1
518,2014,18,KartRider,106712.0,33,2
519,2014,19,Halo 2 Anniversary,90037.6,57,7
520,2014,20,Counter-Strike Online,78688.0,15,2
521,2014,21,Point Blank,78000.0,57,4
522,2014,22,Quake Live,64563.87,80,81
523,2014,23,Guild Wars 2,60075.36,60,19
524,2014,24,Team Fortress 2,58030.72,80,9
525,2014,25,StarCraft: Brood War,53601.35,32,16
526,2014,26,Project M,53150.21,208,107
527,2014,27,FIFA 14,51797.23,41,48
528,2014,28,Super Street Fighter IV Arcade Edition,39044.63,68,52
529,2014,29,BlazBlue: Chronophantasma,36535.0,50,10
530,2014,30,S.K.I.L.L. - Special Force 2,35929.65,10,3
531,2014,31,Age of Empires II: The Age of Kings,33970.0,57,7
532,2014,32,iRacing.com,30500.0,8,2
533,2014,33,Pro Evolution Soccer 2014,29410.25,4,1
534,2014,34,Tekken Tag Tournament 2,27583.4,73,51
535,2014,35,Killer Instinct (2013),22399.8,43,12
536,2014,36,Halo 4,18950.0,16,3
537,2014,37,Ultimate Marvel vs. Capcom 3,17570.01,71,32
538,2014,38,Super Smash Bros. Brawl,16629.31,80,33
539,2014,39,ShootMania Storm,15000.0,9,2
540,2014,40,Injustice: Gods Among Us,14900.0,56,44
541,2014,41,King of Fighters XIII,14444.4,51,12
542,2014,42,FIFA 15,14370.53,36,54
543,2014,43,Heroes of the Storm,14257.5,47,19
544,2014,44,Halo 3,10140.23,21,4
545,2014,45,TrackMania 2: Stadium,10106.64,7,4
546,2014,46,Super Smash Bros. for Wii U,7064.45,56,16
547,2014,47,Call of Duty 4: Modern Warfare,6028.93,0,3
548,2014,48,Age of Empires,3740.0,24,3
549,2014,49,Super Smash Bros.,3073.0,28,8
550,2014,50,NHL 14,3023.96,6,3
551,2014,51,Divekick,1700.0,9,3
552,2014,52,Counter-Strike,1500.0,5,1
553,2014,53,Persona 4 Arena,820.0,11,2
554,2014,54,Soul Calibur V,635.0,32,5
555,2014,55,Capcom vs. SNK 2,445.0,10,2
556,2014,56,Guilty Gear XX Accent Core Plus R,440.0,41,7
557,2014,57,Under Night In-Birth EXE: Late,320.0,16,6
558,2014,58,Xonotic,315.73,8,1
559,2014,59,Age of Mythology,200.0,3,1
560,2014,60,Marvel vs. Capcom 2,200.0,11,2
561,2014,61,Dead or Alive 5 Ultimate,0.0,33,5
562,2014,62,Just Dance 2014,0.0,3,1
563,2014,63,Mortal Kombat 9,0.0,21,3
564,2014,64,Persona 4 Arena Ultimax,0.0,8,1
565,2014,65,Skullgirls Encore,0.0,10,2
566,2014,66,Soul Calibur II HD Online,0.0,14,2
567,2014,67,Street Fighter Alpha 3,0.0,8,1
568,2014,68,Street Fighter III: 3rd Strike,0.0,11,2
569,2014,69,Street Fighter X Tekken,0.0,30,5
570,2014,70,Super Street Fighter II Turbo,0.0,23,4
571,2014,71,Virtua Fighter 5 Final Showdown,0.0,16,2
572,2013,1,League of Legends,6204728.89,1201,366
573,2013,2,Dota 2,4520435.8,429,113
574,2013,3,StarCraft II,3834756.44,606,496
575,2013,4,Call of Duty: Black Ops 2,1426995.53,165,47
576,2013,5,Counter-Strike: Global Offensive,1211869.54,1000,199
577,2013,6,Turbo Racing League,1000000.0,16,9
578,2013,7,Heroes of Newerth,649870.1,315,96
579,2013,8,FIFA 13,441149.41,43,44
580,2013,9,Madden NFL 2013,400000.0,8,1
581,2013,10,Halo 4,371798.76,55,15
582,2013,11,World of Tanks,329000.0,47,6
583,2013,12,CrossFire,270618.52,207,68
584,2013,13,World of WarCraft,189000.0,12,1
585,2013,14,Counter-Strike Online,142193.6,28,4
586,2013,15,ShootMania Storm,129658.37,69,32
587,2013,16,Super Street Fighter IV Arcade Edition,126977.72,100,96
588,2013,17,Magic: The Gathering Online,116000.0,16,1
589,2013,18,StarCraft: Brood War,109570.17,56,35
590,2013,19,NHL 13,70000.0,1,1
591,2013,20,Call of Duty: Ghosts,68749.3,59,14
592,2013,21,WarCraft III,66904.83,22,61
593,2013,22,Super Smash Bros. Melee,56927.3,202,112
594,2013,23,Quake Live,50733.15,45,21
595,2013,24,Point Blank,48000.0,39,3
596,2013,25,SMITE,43472.38,25,3
597,2013,26,Ultimate Marvel vs. Capcom 3,37763.67,75,59
598,2013,27,iRacing.com,32000.0,10,2
599,2013,28,Age of Empires II: The Age of Kings,30976.0,24,3
600,2013,29,FIFA 14,28687.53,18,18
601,2013,30,Team Fortress 2,28504.56,79,8
602,2013,31,KartRider,27570.0,16,1
603,2013,32,Injustice: Gods Among Us,18906.89,71,69
604,2013,33,Super Smash Bros. Brawl,18591.65,86,51
605,2013,34,Tekken Tag Tournament 2,17975.86,51,50
606,2013,35,Street Fighter X Tekken,15425.0,56,51
607,2013,36,Battlefield 4,15408.65,20,3
608,2013,37,TrackMania 2: Stadium,10659.42,12,4
609,2013,38,Counter-Strike,10080.0,21,1
610,2013,39,Project M,8815.48,92,44
611,2013,40,Defense of the Ancients,5955.02,0,2
612,2013,41,Call of Duty 4: Modern Warfare,5850.23,15,5
613,2013,42,King of Fighters XIII,5510.0,36,11
614,2013,43,Persona 4 Arena,5040.0,21,6
615,2013,44,S.K.I.L.L. - Special Force 2,4054.33,10,1
616,2013,45,Mortal Kombat 9,2640.0,16,4
617,2013,46,Street Fighter IV,2440.0,16,1
618,2013,47,Divekick,2360.0,11,3
619,2013,48,Age of Empires III,2145.85,11,2
620,2013,49,Super Smash Bros.,2061.0,16,5
621,2013,50,Age of Empires,1716.0,27,3
622,2013,51,Hearthstone,1395.34,3,3
623,2013,52,TrackMania Nations Forever,1116.91,3,1
624,2013,53,Doom II: Hell on Earth,1000.0,1,1
625,2013,54,Soul Calibur V,310.0,10,2
626,2013,55,Skullgirls,300.0,3,1
627,2013,56,Dragon Ball Z: Budokai 3,204.06,3,1
628,2013,57,Unreal Tournament 3,165.0,4,1
629,2013,58,BlazBlue: Continuum Shift Extend,0.0,3,1
630,2013,59,Dead or Alive 5 Ultimate,0.0,11,2
631,2013,60,TrackMania 2: Canyon,0.0,3,1
632,2012,1,League of Legends,4281489.09,919,388
633,2012,2,StarCraft II,4199246.79,672,695
634,2012,3,Dota 2,2078193.31,237,86
635,2012,4,Counter-Strike,547584.85,535,65
636,2012,5,Heroes of Newerth,341962.28,307,63
637,2012,6,Counter-Strike: Global Offensive,222538.77,306,48
638,2012,7,Counter-Strike: Source,214637.92,291,35
639,2012,8,World of WarCraft,208500.0,15,2
640,2012,9,Defense of the Ancients,205438.37,113,11
641,2012,10,World of Tanks,123502.27,67,9
642,2012,11,Super Street Fighter IV Arcade Edition,107590.66,61,39
643,2012,12,StarCraft: Brood War,106816.29,52,31
644,2012,13,Counter-Strike Online,106108.0,33,4
645,2012,14,Mortal Kombat 9,101300.0,24,9
646,2012,15,ShootMania Storm,100000.0,21,2
647,2012,16,Call of Duty: Modern Warfare 3,91679.84,137,31
648,2012,17,WarCraft III,81561.64,32,57
649,2012,18,Quake Live,71284.81,30,56
650,2012,19,Tekken Tag Tournament 2,66720.0,49,20
651,2012,20,Street Fighter X Tekken,66015.64,51,27
652,2012,21,Halo: Reach,64567.99,57,10
653,2012,22,Point Blank,64500.0,49,7
654,2012,23,CrossFire,60774.96,122,22
655,2012,24,Soul Calibur V,57500.9,22,9
656,2012,25,KartRider,53139.0,17,3
657,2012,26,FIFA 12,49959.27,44,50
658,2012,27,Halo 4,40000.0,16,1
659,2012,28,Team Fortress 2,34371.17,57,7
660,2012,29,iRacing.com,32500.0,8,2
661,2012,30,Super Smash Bros. Melee,30778.5,87,28
662,2012,31,Battlefield 3,25407.46,5,6
663,2012,32,Call of Duty: Black Ops 2,24804.35,28,3
664,2012,33,King of Fighters XIII,21995.0,29,8
665,2012,34,Bloodline Champions,21450.0,27,6
666,2012,35,Super Smash Bros. Brawl,18424.46,57,24
667,2012,36,BlazBlue: Continuum Shift II,16999.58,0,1
668,2012,37,FIFA 13,16678.57,19,17
669,2012,38,Call of Duty 4: Modern Warfare,16525.03,51,8
670,2012,39,Super Street Fighter II Turbo HD Remix,16200.0,18,3
671,2012,40,TrackMania Nations Forever,16039.2,13,6
672,2012,41,Street Fighter III: 3rd Strike,15780.72,18,4
673,2012,42,Age of Empires II: The Age of Kings,14700.0,23,1
674,2012,43,TrackMania 2: Canyon,13237.04,8,26
675,2012,44,Ultimate Marvel vs. Capcom 3,4696.23,22,6
676,2012,45,Gears of War 3,4555.81,0,2
677,2012,46,Tekken 6,4541.78,7,4
678,2012,47,Call of Duty 2,1014.32,10,1
679,2012,48,Project M,751.81,10,4
680,2012,49,NHL 12,702.93,6,2
681,2012,50,Persona 4 Arena,476.63,14,3
682,2012,51,Super Smash Bros.,400.0,7,2
683,2012,52,Age of Empires III,345.0,4,2
684,2012,53,QuakeWorld,255.66,1,1
685,2012,54,Call of Duty: Black Ops,240.0,0,1
686,2012,55,Forza Motorsport 4,132.37,2,1
687,2012,56,Dead or Alive 5,0.0,4,1
688,2012,57,Super Street Fighter II Turbo,0.0,4,1
689,2011,1,StarCraft II,3178440.33,516,789
690,2011,2,Dota 2,1672268.08,93,6
691,2011,3,Call of Duty: Modern Warfare 3,1003515.34,41,4
692,2011,4,Counter-Strike,879914.71,686,84
693,2011,5,Halo: Reach,593521.98,86,15
694,2011,6,League of Legends,520354.3,374,168
695,2011,7,StarCraft: Brood War,423063.87,100,37
696,2011,8,Call of Duty: Black Ops,346153.48,117,20
697,2011,9,Counter-Strike: Source,261943.4,331,42
698,2011,10,Defense of the Ancients,244082.84,237,27
699,2011,11,World of WarCraft,165000.0,18,3
700,2011,12,WarCraft III,149527.55,53,64
701,2011,13,Quake Live,125267.32,39,68
702,2011,14,Magic: The Gathering Online,100000.0,12,1
703,2011,15,Heroes of Newerth,94840.35,31,11
704,2011,16,FIFA 11,90180.92,68,62
705,2011,17,Super Street Fighter IV Arcade Edition,56552.09,41,14
706,2011,18,KartRider,54123.0,11,4
707,2011,19,iRacing.com,48900.0,14,3
708,2011,20,Special Force,44650.0,0,1
709,2011,21,Super Smash Bros. Melee,44594.21,142,52
710,2011,22,Team Fortress 2,41392.07,133,14
711,2011,23,Tekken 6,37914.17,33,12
712,2011,24,CrossFire,34000.0,15,1
713,2011,25,Mortal Kombat 9,29501.67,26,8
714,2011,26,Super Smash Bros. Brawl,28153.32,107,35
715,2011,27,TrackMania Nations Forever,27093.55,35,12
716,2011,28,Marvel vs. Capcom 3,22144.33,38,11
717,2011,29,Bloodline Champions,20000.0,16,2
718,2011,30,World of Tanks,18503.12,7,2
719,2011,31,Marvel vs. Capcom 2,15000.0,6,3
720,2011,32,Call of Duty 4: Modern Warfare,14653.11,37,9
721,2011,33,BlazBlue: Continuum Shift II,7591.43,14,4
722,2011,34,Gears of War,4127.0,0,3
723,2011,35,Age of Empires,3727.63,27,5
724,2011,36,TrackMania 2: Canyon,2302.66,3,1
725,2011,37,FIFA 12,1761.0,12,15
726,2011,38,Super Street Fighter IV,1706.8,22,10
727,2011,39,Arcana Heart 3,1000.0,4,1
728,2011,40,Super Street Fighter II Turbo,820.0,11,2
729,2011,41,Super Smash Bros.,330.0,3,2
730,2011,42,Soul Calibur IV,260.0,3,1
731,2011,43,Street Fighter III: 3rd Strike,240.0,3,1
732,2011,44,Project M,225.0,4,1
733,2011,45,Age of Empires Online,100.0,3,1
734,2011,46,Street Fighter IV,90.0,2,1
735,2011,47,Wolfenstein: Enemy Territory,86.37,6,1
736,2011,48,Ultimate Marvel vs. Capcom 3,45.0,2,1
737,2011,49,Mortal Kombat vs. DC Universe,0.0,3,1
738,2011,50,Super Street Fighter II Turbo HD Remix,0.0,3,1
739,2011,51,Ultimate Mortal Kombat 3,0.0,3,1
740,2010,1,Counter-Strike,1446039.99,848,112
741,2010,2,StarCraft II,820839.29,320,278
742,2010,3,Halo 3,798113.79,85,9
743,2010,4,StarCraft: Brood War,628499.64,99,15
744,2010,5,WarCraft III,361963.85,79,87
745,2010,6,Counter-Strike: Source,348114.03,542,61
746,2010,7,World of WarCraft,291250.0,63,9
747,2010,8,Quake Live,177411.41,77,77
748,2010,9,Defense of the Ancients,158306.3,116,17
749,2010,10,FIFA 10,117026.71,64,48
750,2010,11,Halo: Reach,114000.0,1,3
751,2010,12,Magic: The Gathering Online,100000.0,12,1
752,2010,13,Soul Calibur IV,100000.0,1,1
753,2010,14,Special Force,85600.0,0,2
754,2010,15,Tekken 6,76418.69,32,13
755,2010,16,Gears of War 2,75000.0,0,1
756,2010,17,Super Smash Bros. Brawl,74699.16,74,24
757,2010,18,Call of Duty: Modern Warfare 2,55798.8,29,6
758,2010,19,KartRider,51240.0,12,4
759,2010,20,Heroes of Newerth,45064.9,23,8
760,2010,21,Team Fortress 2,39388.37,163,15
761,2010,22,Call of Duty 4: Modern Warfare,38705.41,149,14
762,2010,23,TrackMania Nations Forever,35772.86,48,12
763,2010,24,Super Smash Bros. Melee,31742.98,149,65
764,2010,25,iRacing.com,28000.0,5,2
765,2010,26,League of Legends,27942.64,87,23
766,2010,27,CrossFire,23000.0,0,1
767,2010,28,Super Street Fighter IV,19170.5,26,6
768,2010,29,Carom 3D,11000.0,3,1
769,2010,30,Forza Motorsport 3,11000.0,3,2
770,2010,31,Guitar Hero 5,10500.0,3,1
771,2010,32,Need for Speed: Shift,10500.0,3,1
772,2010,33,Gears of War,10193.3,0,1
773,2010,34,Wolfenstein: Enemy Territory,6811.76,15,1
774,2010,35,Street Fighter IV,3805.5,11,5
775,2010,36,FIFA 11,3802.85,14,16
776,2010,37,Day of Defeat: Source,3069.04,18,3
777,2010,38,FIFA 09,2731.65,3,2
778,2010,39,"Warhammer 40,000: Dawn of War",1816.5,2,1
779,2010,40,Pro Evolution Soccer 2009,682.91,3,1
780,2010,41,Age of Empires,308.0,18,1
781,2010,42,Tatsunoko vs. Capcom: Ultimate All-Stars,300.81,6,3
782,2010,43,Super Smash Bros.,180.0,8,4
783,2010,44,Super Street Fighter II Turbo HD Remix,160.0,6,2
784,2010,45,Capcom vs. SNK,140.0,3,1
785,2010,46,Marvel vs. Capcom 2,130.0,6,2
786,2010,47,Melty Blood: Actress Again,0.0,3,1
787,2009,1,Counter-Strike,1345951.7,720,116
788,2009,2,StarCraft: Brood War,708775.32,137,51
789,2009,3,WarCraft III,387351.0,74,90
790,2009,4,World of WarCraft,350138.91,68,12
791,2009,5,Counter-Strike: Source,247039.65,321,47
792,2009,6,Halo 3,234900.71,76,7
793,2009,7,Defense of the Ancients,124530.2,123,17
794,2009,8,FIFA 09,118886.69,52,17
795,2009,9,Call of Duty 4: Modern Warfare,109724.84,117,21
796,2009,10,Quake Live,79946.08,33,19
797,2009,11,Gears of War 2,60000.0,0,4
798,2009,12,Super Smash Bros. Melee,51999.99,161,89
799,2009,13,Magic: The Gathering Online,50000.0,8,1
800,2009,14,Super Smash Bros. Brawl,48302.26,195,97
801,2009,15,TrackMania Nations Forever,30803.54,17,8
802,2009,16,Red Stone,23000.0,12,1
803,2009,17,Team Fortress 2,17394.12,105,7
804,2009,18,Rainbow Six: Vegas 2,15000.0,0,1
805,2009,19,Asphalt 4,12000.0,3,1
806,2009,20,Carom 3D,12000.0,3,1
807,2009,21,Virtua Fighter 5,12000.0,3,2
808,2009,22,Wise Star 2,12000.0,3,1
809,2009,23,Quake III Arena,10591.18,20,7
810,2009,24,Wolfenstein: Enemy Territory,6637.46,18,1
811,2009,25,Call of Duty 2,4401.02,0,1
812,2009,26,Call of Duty: Modern Warfare 2,4211.84,11,2
813,2009,27,FIFA 08,2560.19,3,1
814,2009,28,Street Fighter IV,1602.72,13,5
815,2009,29,Age of Empires,880.0,16,1
816,2009,30,Day of Defeat: Source,713.06,18,1
817,2009,31,Pro Evolution Soccer 2009,713.06,3,4
818,2009,32,Super Smash Bros.,100.0,7,2
819,2009,33,Marvel vs. Capcom 2,90.0,6,2
820,2009,34,Street Fighter III: 3rd Strike,45.0,3,2
821,2009,35,BlazBlue: Calamity Trigger,35.0,3,1
822,2009,36,Guilty Gear XX Accent Core,35.0,9,2
823,2009,37,King of Fighters XI,25.0,3,1
824,2009,38,Guilty Gear XX Accent Core Plus,0.0,3,1
825,2009,39,Super Street Fighter II Turbo HD Remix,0.0,8,2
826,2008,1,Counter-Strike,1593534.82,662,107
827,2008,2,StarCraft: Brood War,1049976.45,191,26
828,2008,3,Counter-Strike: Source,870731.1,467,60
829,2008,4,Halo 3,688924.67,72,11
830,2008,5,WarCraft III,681496.09,116,105
831,2008,6,World of WarCraft,450500.0,72,11
832,2008,7,World in Conflict,228110.73,20,7
833,2008,8,Call of Duty 4: Modern Warfare,218907.09,165,23
834,2008,9,Forza Motorsport 2,207000.0,16,1
835,2008,10,FIFA 08,201433.25,62,13
836,2008,11,Dead or Alive 4,189708.46,18,3
837,2008,12,F.E.A.R.,118000.0,8,2
838,2008,13,Unreal Tournament 3,104812.82,3,3
839,2008,14,Madden NFL 2009,100000.0,1,1
840,2008,15,Defense of the Ancients,81556.24,55,11
841,2008,16,Gears of War,66974.5,0,6
842,2008,17,Quake III Arena,65619.7,23,14
843,2008,18,Rainbow Six: Vegas 2,64000.0,0,6
844,2008,19,Team Fortress 2,57261.5,42,6
845,2008,20,Red Stone,35000.0,6,1
846,2008,21,Need for Speed: ProStreet,32208.46,12,3
847,2008,22,Command & Conquer 3,28185.41,7,5
848,2008,23,Project Gotham Racing 4,25208.46,5,3
849,2008,24,Quake Live,25000.0,19,2
850,2008,25,TrackMania Nations,23000.0,3,3
851,2008,26,Super Smash Bros. Melee,22934.61,85,27
852,2008,27,Guitar Hero III: Legends of Rock,19000.0,8,2
853,2008,28,Age of Empires III,17500.0,3,1
854,2008,29,Asphalt 4,17500.0,3,1
855,2008,30,Carom 3D,17500.0,3,1
856,2008,31,Virtua Fighter 5,17500.0,3,2
857,2008,32,Super Smash Bros. Brawl,16501.87,88,35
858,2008,33,Wolfenstein: Enemy Territory,12014.88,30,2
859,2008,34,Enemy Territory: Quake Wars,4650.12,6,1
860,2008,35,Battlefield 2,2976.95,0,1
861,2008,36,Crysis,2976.95,0,1
862,2008,37,Street Fighter III: 3rd Strike,2890.0,5,2
863,2008,38,QuakeWorld,2775.07,0,1
864,2008,39,Marvel vs. Capcom 2,2610.0,10,4
865,2008,40,Day of Defeat: Source,2285.82,12,1
866,2008,41,Pro Evolution Soccer 2008,2084.15,6,3
867,2008,42,TrackMania Nations Forever,1970.0,3,1
868,2008,43,Super Street Fighter II Turbo,1770.0,6,2
869,2008,44,Tekken 5: Dark Resurrection,1720.0,6,2
870,2008,45,Unreal Tournament 2003,1700.0,1,1
871,2008,46,Capcom vs. SNK 2,1450.0,6,2
872,2008,47,Supreme Commander: Forged Alliance,1290.01,0,1
873,2008,48,Age of Empires II: The Age of Kings,1000.0,2,1
874,2008,49,Guilty Gear XX Accent Core,80.0,3,1
875,2007,1,Counter-Strike,1616905.59,834,99
876,2007,2,StarCraft: Brood War,1049963.19,128,37
877,2007,3,Counter-Strike: Source,839646.6,408,45
878,2007,4,WarCraft III,800507.08,113,101
879,2007,5,Halo 2,673462.47,65,14
880,2007,6,Dead or Alive 4,254986.85,30,6
881,2007,7,Project Gotham Racing 3,224986.85,27,5
882,2007,8,World of WarCraft,213500.0,21,7
883,2007,9,FIFA 07,210512.23,37,10
884,2007,10,Rainbow Six: Vegas,176400.77,137,7
885,2007,11,Gears of War,170900.77,33,7
886,2007,12,Quake 4,146558.81,30,10
887,2007,13,Halo 3,100000.0,16,1
888,2007,14,Madden NFL 2007,100000.0,1,1
889,2007,15,Madden NFL 2008,100000.0,1,1
890,2007,16,Super Smash Bros. Melee,74733.31,115,65
891,2007,17,Rise of Nations: Rise of Legends,69600.0,8,1
892,2007,18,World in Conflict,65227.5,19,4
893,2007,19,F.E.A.R.,59500.0,20,3
894,2007,20,Enemy Territory: Quake Wars,56273.0,26,2
895,2007,21,Need for Speed Carbon,36322.58,8,3
896,2007,22,Defense of the Ancients,35076.49,31,6
897,2007,23,Call of Duty 2,29089.98,25,6
898,2007,24,Command & Conquer 3,24901.26,5,3
899,2007,25,Shadowrun,24000.0,0,3
900,2007,26,Pro Evolution Soccer 6,20216.82,5,2
901,2007,27,Age of Empires III,20000.0,3,1
902,2007,28,Carom 3D,20000.0,3,1
903,2007,29,Wolfenstein: Enemy Territory,19156.88,58,3
904,2007,30,TrackMania Nations,19000.0,3,1
905,2007,31,Battlefield 2142,18546.14,0,3
906,2007,32,Capcom vs. SNK 2,10250.0,8,2
907,2007,33,Guilty Gear XX Accent Core,10250.0,23,1
908,2007,34,Marvel vs. Capcom 2,10250.0,8,2
909,2007,35,Street Fighter III: 3rd Strike,10250.0,11,3
910,2007,36,Super Street Fighter II Turbo,10250.0,8,2
911,2007,37,Tekken 5: Dark Resurrection,10250.0,8,2
912,2007,38,Virtua Fighter 5,10250.0,8,2
913,2007,39,Age of Empires II: The Age of Kings,10010.0,16,1
914,2007,40,Team Fortress 2,9182.0,21,2
915,2007,41,Crysis,8364.0,0,1
916,2007,42,Battlefield 2,6514.86,0,2
917,2007,43,Call of Duty 4: Modern Warfare,6273.0,20,1
918,2007,44,Quake III Arena,5789.26,17,6
919,2007,45,S.T.A.L.K.E.R.: Shadow of Chernobyl,4901.26,0,1
920,2007,46,Supreme Commander,4901.26,0,1
921,2007,47,FIFA 08,3136.5,4,3
922,2007,48,Live for Speed,2008.27,5,1
923,2007,49,Day of Defeat: Source,996.07,0,1
924,2007,50,Super Smash Bros.,940.0,11,4
925,2006,1,Counter-Strike,2101051.86,923,112
926,2006,2,StarCraft: Brood War,809030.24,142,41
927,2006,3,Halo 2,618050.0,54,19
928,2006,4,WarCraft III,497579.95,84,62
929,2006,5,Quake 4,358339.0,73,35
930,2006,6,Counter-Strike: Source,177710.53,254,27
931,2006,7,Super Smash Bros. Melee,144584.0,44,22
932,2006,8,Madden NFL 2006,100000.0,1,1
933,2006,9,FIFA 06,84069.99,15,8
934,2006,10,Quake III Arena,83813.76,46,6
935,2006,11,Battlefield 2,79074.59,0,8
936,2006,12,Project Gotham Racing 3,72300.0,8,4
937,2006,13,TrackMania Nations,72000.0,11,2
938,2006,14,Dead or Alive 4,53050.0,13,4
939,2006,15,"Warhammer 40,000: Dawn of War",43000.0,3,1
940,2006,16,Wolfenstein: Enemy Territory,36350.2,54,4
941,2006,17,Need for Speed: Most Wanted,35000.0,14,6
942,2006,18,Gran Turismo 4,32000.0,4,1
943,2006,19,Pro Evolution Soccer 5,32000.0,4,1
944,2006,20,Call of Duty 2,31249.28,0,8
945,2006,21,FIFA 07,27300.0,5,3
946,2006,22,Ghost Recon Advanced Warfighter,24000.0,0,2
947,2006,23,Forza Motorsport 2,15000.0,2,1
948,2006,24,Day of Defeat,10300.0,0,1
949,2006,25,Capcom vs. SNK 2,10250.0,8,1
950,2006,26,Guilty Gear XX Slash,10250.0,6,1
951,2006,27,Hyper Street Fighter II,10250.0,8,1
952,2006,28,Marvel vs. Capcom 2,10250.0,8,1
953,2006,29,Street Fighter III: 3rd Strike,10250.0,8,1
954,2006,30,Tekken 5,10250.0,8,1
955,2006,31,Live for Speed,1895.48,6,2
956,2006,32,Defense of the Ancients,738.83,5,1
957,2006,33,Age of Empires,289.25,19,2
958,2005,1,Counter-Strike,1286412.3,705,87
959,2005,2,Painkiller,960000.0,42,10
960,2005,3,StarCraft: Brood War,592759.49,88,28
961,2005,4,WarCraft III,438648.01,93,41
962,2005,5,Halo 2,197850.0,65,38
963,2005,6,Counter-Strike: Source,150546.22,103,12
964,2005,7,FIFA 05,57728.01,5,7
965,2005,8,Quake III Arena,56673.87,24,9
966,2005,9,Quake 4,51780.7,42,7
967,2005,10,Doom 3,50000.0,3,1
968,2005,11,Wolfenstein: Enemy Territory,50000.0,19,1
969,2005,12,Pro Evolution Soccer 4,40550.64,11,2
970,2005,13,Super Smash Bros. Melee,36072.46,48,30
971,2005,14,Need for Speed: Underground 2,35000.0,6,3
972,2005,15,"Warhammer 40,000: Dawn of War",35000.0,3,1
973,2005,16,Day of Defeat,30000.0,23,1
974,2005,17,Dead or Alive Ultimate,30000.0,3,1
975,2005,18,Unreal Tournament 2004,27456.92,14,7
976,2005,19,FIFA 06,26694.54,6,2
977,2005,20,Quake II,20000.0,3,1
978,2005,21,Gran Turismo 4,12000.0,4,1
979,2005,22,Age of Empires II: The Age of Kings,4900.0,8,1
980,2005,23,Halo: Combat Evolved,3675.0,11,3
981,2005,24,Battlefield 2,3148.82,0,1
982,2005,25,Live for Speed,2823.77,7,2
983,2005,26,Defense of the Ancients,1736.36,0,2
984,2005,27,Need for Speed: Most Wanted,694.54,4,1
985,2005,28,Call of Duty,629.77,0,2
986,2005,29,Capcom vs. SNK 2,0.0,3,1
987,2005,30,Guilty Gear XX #Reload,0.0,3,1
988,2005,31,Marvel vs. Capcom 2,0.0,3,1
989,2005,32,Project Gotham Racing 2,0.0,3,1
990,2005,33,Street Fighter III: 3rd Strike,0.0,3,1
991,2005,34,Super Street Fighter II Turbo,0.0,3,1
992,2005,35,Tekken 5,0.0,3,8
993,2005,36,Tekken Tag Tournament,0.0,3,1
994,2004,1,Counter-Strike,848934.67,608,80
995,2004,2,StarCraft: Brood War,498433.15,77,16
996,2004,3,WarCraft III,353388.9,111,72
997,2004,4,Doom 3,207748.16,13,3
998,2004,5,Halo: Combat Evolved,183456.0,59,22
999,2004,6,Quake III Arena,111500.0,35,4
1000,2004,7,Unreal Tournament 2004,106512.41,30,4
1001,2004,8,Counter-Strike: Condition Zero,85000.0,15,1
1002,2004,9,Painkiller,55000.0,18,3
1003,2004,10,Call of Duty,50000.0,51,1
1004,2004,11,FIFA 04,40000.0,3,2
1005,2004,12,Need for Speed: Underground,35000.0,3,1
1006,2004,13,Project Gotham Racing 2,35000.0,3,1
1007,2004,14,Pro Evolution Soccer 3,25000.0,8,1
1008,2004,15,Super Smash Bros. Melee,10644.5,17,10
1009,2004,16,Day of Defeat,10000.0,6,1
1010,2004,17,Age of Empires II: The Age of Kings,5900.0,13,4
1011,2004,18,Age of Mythology,3000.0,8,1
1012,2004,19,Soul Calibur II,2700.0,3,2
1013,2004,20,Gran Turismo 3: A-Spec,1750.0,3,1
1014,2004,21,Capcom vs. SNK 2,0.0,3,1
1015,2004,22,FIFA 05,0.0,0,1
1016,2004,23,Guilty Gear XX,0.0,3,1
1017,2004,24,Live for Speed,0.0,1,2
1018,2004,25,Marvel vs. Capcom 2,0.0,3,1
1019,2004,26,Street Fighter III: 3rd Strike,0.0,3,1
1020,2004,27,Super Street Fighter II Turbo,0.0,3,1
1021,2004,28,Tekken 4,0.0,3,1
1022,2004,29,Tekken Tag Tournament,0.0,3,1
1023,2004,30,Virtua Fighter 4: Evolution,0.0,3,1
1024,2003,1,Counter-Strike,804577.99,474,60
1025,2003,2,StarCraft: Brood War,276838.39,81,16
1026,2003,3,WarCraft III,191632.33,60,29
1027,2003,4,Halo: Combat Evolved,107150.0,70,12
1028,2003,5,Unreal Tournament 2003,106156.41,17,7
1029,2003,6,Quake III Arena,95463.46,26,6
1030,2003,7,FIFA 03,54066.44,10,3
1031,2003,8,Age of Mythology,49000.0,8,3
1032,2003,9,Age of Empires II: The Age of Kings,16695.0,11,3
1033,2003,10,Super Smash Bros. Melee,15550.0,8,4
1034,2003,11,Tekken 4,12500.0,3,3
1035,2003,12,NASCAR Thunder 2003,5933.5,0,1
1036,2003,13,Gran Turismo 3: A-Spec,1500.0,3,1
1037,2003,14,Madden NFL 2004,1500.0,3,1
1038,2003,15,Soul Calibur II,1500.0,6,3
1039,2003,16,Age of Empires,625.0,4,1
1040,2003,17,Capcom vs. SNK 2,0.0,3,2
1041,2003,18,FIFA 04,0.0,0,1
1042,2003,19,Guilty Gear XX,0.0,3,1
1043,2003,20,Live for Speed,0.0,1,1
1044,2003,21,Marvel vs. Capcom 2,0.0,3,2
1045,2003,22,Street Fighter III: 3rd Strike,0.0,3,1
1046,2003,23,Super Street Fighter II Turbo,0.0,3,1
1047,2003,24,Tekken Tag Tournament,0.0,3,2
1048,2003,25,Virtua Fighter 4: Evolution,0.0,3,2
1049,2002,1,Counter-Strike,400994.88,352,14
1050,2002,2,StarCraft: Brood War,132944.26,36,10
1051,2002,3,Quake III Arena,102206.4,24,4
1052,2002,4,Return to Castle Wolfenstein,67424.3,30,2
1053,2002,5,Age of Empires II: The Age of Kings,61450.0,15,4
1054,2002,6,FIFA 2002 World Cup,43000.0,8,1
1055,2002,7,Unreal Tournament,43000.0,8,2
1056,2002,8,Unreal Tournament 2003,34000.0,18,5
1057,2002,9,WarCraft III,31285.25,12,4
1058,2002,10,NASCAR Thunder 2002,7679.25,0,1
1059,2002,11,Star Wars Jedi Knight II: Jedi Outcast,7679.25,0,1
1060,2002,12,Halo: Combat Evolved,5000.0,21,2
1061,2002,13,Age of Empires,100.0,3,1
1062,2002,14,Super Smash Bros. Melee,40.0,4,2
1063,2002,15,Capcom vs. SNK 2,0.0,3,1
1064,2002,16,Marvel vs. Capcom 2,0.0,3,1
1065,2002,17,Super Street Fighter II Turbo,0.0,3,1
1066,2001,1,Counter-Strike,345992.44,219,12
1067,2001,2,Quake III Arena,147736.74,48,14
1068,2001,3,Age of Empires II: The Age of Kings,143200.0,33,7
1069,2001,4,StarCraft: Brood War,91893.99,50,9
1070,2001,5,FIFA 2001,46000.0,9,2
1071,2001,6,Unreal Tournament,46000.0,9,2
1072,2001,7,Aliens versus Predator 2,40000.0,1,1
1073,2001,8,QuakeWorld,15000.0,8,1
1074,2001,9,Capcom vs. SNK,0.0,3,1
1075,2001,10,Marvel vs. Capcom 2,0.0,3,1
1076,2001,11,Street Fighter Alpha 3,0.0,3,1
1077,2001,12,Super Street Fighter II Turbo,0.0,3,1
1078,2000,1,Quake III Arena,415237.82,97,28
1079,2000,2,StarCraft: Brood War,133038.04,47,10
1080,2000,3,Age of Empires II: The Age of Kings,63528.11,14,5
1081,2000,4,FIFA 2000,50000.0,4,1
1082,2000,5,Counter-Strike,23763.33,62,2
1083,2000,6,Age of Empires,9500.0,4,1
1084,2000,7,Marvel vs. Capcom 2,0.0,3,1
1085,2000,8,Street Fighter Alpha 2,0.0,3,1
1086,2000,9,Street Fighter Alpha 3,0.0,3,1
1087,2000,10,Street Fighter III: 3rd Strike,0.0,3,1
1088,2000,11,Super Street Fighter II Turbo,0.0,3,1
1089,1999,1,StarCraft: Brood War,139553.84,40,11
1090,1999,2,Descent 3,50000.0,1,1
1091,1999,3,Quake III Arena,43200.0,15,2
1092,1999,4,Quake II,42400.0,12,2
1093,1998,1,Quake II,66200.0,16,4
1094,1998,2,QuakeWorld,43500.0,12,3
1095,1998,3,StarCraft: Brood War,20000.0,8,1
1096,1998,4,Age of Empires,2000.0,1,1
